TSNE1,TSNE2,KM_AE
20.789616,59.5809,0
10.682234,-61.19302,0
-40.79609,7.0926867,0
0.93557245,-20.109615,0
-23.586712,-71.25246,0
-2.2392802,-64.26003,0
-58.918816,-19.787743,0
18.126225,36.470688,2
19.077242,-30.487776,0
23.541039,-0.101862565,0
19.729816,-36.827698,0
8.532787,-3.1222968,0
23.397764,-31.852093,0
-12.218562,8.345556,0
-54.63803,27.489775,2
-17.718233,54.0652,2
-11.064595,53.714203,2
-3.0966492,-18.715818,0
-6.201938,53.689453,2
-0.99251145,-20.031227,0
-7.8426013,53.20482,2
-2.8999698,-11.75031,0
-13.508433,-46.837406,0
3.1068432,-45.947598,0
17.605835,46.840126,2
-27.594597,-13.352574,0
8.001869,7.8908243,0
-7.0301056,-55.221333,0
-19.36637,-77.53956,0
-64.170815,-9.699566,0
-23.268555,2.9235091,0
-2.581987,-26.025154,0
-0.24869111,6.181539,0
2.8272557,37.739258,2
-7.6657224,-55.245125,0
30.428488,-38.675976,0
-15.000011,74.64446,2
2.1289299,-44.424458,0
-63.84102,-10.50721,0
12.939177,-29.164045,0
37.092796,52.108776,2
-12.291657,78.74907,2
10.184259,-23.84848,0
6.8577933,-35.92488,0
24.45641,4.3866167,0
-10.083901,27.221107,2
-59.59629,-18.029417,0
-2.9243436,-26.146978,0
-53.719604,-27.276495,0
-11.886153,8.520641,0
57.186726,21.952232,0
-21.669716,67.23951,2
23.6349,0.12041442,0
-5.762169,-18.758743,0
-12.093643,-50.245335,0
-28.423357,-19.765903,0
30.709137,8.268378,0
-11.234984,-47.49017,0
-12.041985,-13.570558,0
-24.295439,7.318031,0
-19.296995,70.08857,2
-21.15175,-74.379845,0
40.478825,-25.847294,0
35.942913,9.220039,0
40.461044,-7.8659134,0
-35.15524,-59.59038,0
16.510696,-6.641688,0
58.193687,21.71017,0
-12.092744,73.282036,2
-17.89816,10.88748,0
-19.632956,-77.80076,0
-51.511578,32.65504,2
-62.199974,-2.5533705,0
-24.50112,-23.746214,0
-5.803794,-31.093431,0
-1.2043661,6.758542,0
26.45169,5.2949677,0
2.3005307,1.356211,0
-41.079582,4.0580034,0
-26.630083,-9.400522,0
-3.9242833,42.497868,2
-28.460697,18.329826,0
-12.313162,78.779465,2
-62.344593,0.58305746,0
24.66878,58.669262,2
25.628012,58.43135,2
-8.830637,79.31167,2
70.16571,16.813938,0
27.370842,15.854966,0
34.061474,9.145082,0
-59.296867,-17.430782,0
29.128668,8.488589,0
15.659663,-5.3463507,0
1.0116237,-26.067324,0
41.140648,-5.281916,0
66.985054,15.974466,2
38.847702,-2.192643,0
0.5811033,9.018622,0
36.096283,48.0577,2
-28.325804,-4.561423,0
-49.501,33.27026,2
37.20325,3.4074452,0
-55.44154,-27.26702,0
13.478365,-61.537624,0
-19.907902,57.82185,2
-8.383632,51.551147,2
9.183169,-10.997255,0
21.635286,36.055126,2
8.073905,-0.043318596,0
4.6503887,46.51865,2
-28.821636,-18.498579,0
-27.349764,-25.724613,0
7.6377707,36.51135,2
6.938849,6.192797,0
-12.710768,-6.848967,0
-19.656906,58.685806,2
-16.60357,-7.061464,0
-20.9422,24.713734,0
41.43558,1.4418601,0
33.5382,2.439704,0
-4.1800075,19.999895,0
-8.854922,22.05195,0
36.99232,48.691452,2
8.210426,-8.589062,0
-11.3406925,74.05406,2
-7.190516,54.226517,2
-58.20442,-16.564314,0
-33.502663,-62.672962,0
3.1037927,4.1924376,0
26.8894,15.794739,0
-10.779874,19.205324,0
-24.244968,7.2968583,0
-10.685359,27.388845,2
17.968014,56.49498,2
-9.959065,-48.001446,0
-30.605349,13.62477,0
-12.1499,78.372055,2
35.233395,-13.384478,0
-2.4352458,-44.607357,0
-59.28075,-20.158266,0
42.680122,-10.625889,0
-21.283035,59.559326,2
-12.285405,78.66209,2
15.328232,-44.887836,0
-19.903685,9.237541,0
-2.4714801,-35.069263,0
20.190794,-34.988747,0
0.58572173,-42.98205,0
12.467774,37.05618,2
-12.317792,-13.643769,0
31.694977,13.475584,0
18.231747,-45.940105,0
-5.0099077,-30.630455,0
14.862051,-2.7475338,0
-11.323093,-45.718826,0
26.41497,59.14308,2
24.277645,-31.335505,0
39.483795,57.457737,2
-8.474914,7.9064555,0
25.42382,-28.680696,0
42.36912,1.1672505,0
-54.675526,-25.59062,0
20.318396,-44.547928,0
-12.4337,78.88669,2
-55.7388,-26.526106,0
35.450638,-26.9105,0
25.26489,-18.864565,0
8.534835,-7.932468,0
-39.237396,-47.277603,0
21.772978,35.541065,2
57.902645,23.424368,0
13.600461,-4.486197,0
28.420248,60.08604,2
-0.8550575,-43.513145,0
2.1358988,4.346655,0
31.518713,55.949482,2
18.07036,-29.901838,0
27.63715,51.506992,2
-5.452552,-35.29806,0
-54.732296,27.574928,2
21.330437,-33.480434,0
-19.925209,57.12197,2
-25.321842,-2.687591,0
31.747635,-11.047401,0
-10.1735735,-8.633353,0
1.258948,-20.066467,0
65.319916,19.22069,0
-13.671887,-5.2046103,0
21.754955,-31.20063,0
5.404663,-51.79839,0
-44.388844,6.925368,0
29.507097,53.65421,2
-61.52603,0.43151325,0
-3.7196467,-8.297211,0
-42.56342,6.8958983,0
41.511642,-3.81469,0
-8.893906,52.654873,2
30.747278,58.651695,2
-28.956617,-18.531416,0
-19.457226,-39.40211,0
34.870632,-3.4020145,0
-10.506586,-48.577396,0
-2.4120386,51.36947,2
0.3699741,39.59289,2
-55.185818,-28.614883,0
21.657331,49.026005,2
8.620504,-11.751709,0
21.211815,48.109932,2
26.134085,14.913055,0
65.223465,19.20875,0
62.71696,20.853666,0
43.46933,-7.4643817,0
-21.613894,-75.18931,0
-7.441224,14.987388,0
-63.180614,-2.6039116,0
-19.571545,56.046867,2
-3.1494527,-32.715122,0
-30.708363,-12.779942,0
27.610796,56.218773,2
-25.254877,-2.670193,0
3.504835,37.676765,2
-61.36478,-7.6229606,0
24.77675,58.527306,2
-7.2278857,54.79738,2
30.562586,-15.062973,0
43.52342,-9.229049,0
65.15589,19.163694,0
-3.1815343,51.416546,2
44.049225,-4.455149,0
32.77906,3.192225,0
3.4059138,37.464893,2
39.258842,-26.598667,0
-1.6969377,-44.046165,0
5.492658,-44.61115,0
30.647463,-37.78692,0
9.827793,-32.74811,0
-9.833197,-0.13405164,0
-36.680843,-57.70104,0
36.26511,52.46679,2
7.7685895,5.356866,0
5.7735643,-32.0216,0
-0.856316,-63.76192,0
-1.9960401,18.725405,2
-22.06115,-74.35968,0
-0.082368135,-43.14853,0
30.149733,53.00749,2
-10.076921,53.443768,2
1.3193842,5.7662516,0
-6.8672585,17.153738,0
33.88235,41.188858,2
31.551392,15.564824,0
73.914635,16.341478,0
12.482845,-23.262129,0
-32.996258,10.708132,0
41.985016,2.69449,0
7.1555886,6.964617,0
25.760515,-19.518915,0
-28.771019,17.86912,0
-19.500889,9.149048,0
-20.054699,-76.26276,0
-0.17603782,7.2612433,0
31.694313,-39.42198,0
-5.747027,-63.175198,0
-30.945137,14.884072,0
-18.976355,9.482766,0
-17.017445,26.58488,0
20.054398,35.616245,2
35.986584,43.769268,2
-14.07552,-48.35375,0
-19.78426,73.33377,2
-27.836187,18.59214,0
-2.6859844,-32.508713,0
40.712646,-18.57901,0
-0.85941523,40.89516,2
35.43509,-26.983065,0
29.918402,52.374355,2
27.1907,51.696194,2
-5.9757166,43.520786,2
-62.51896,-11.0609455,0
-8.7399435,7.3171873,0
33.887012,57.98955,2
-60.801052,-17.639452,0
33.477734,-35.04773,0
35.541607,44.46518,2
0.87579185,-65.13896,0
-17.134699,50.95719,2
7.8735147,-65.76684,0
-28.721186,-12.748358,0
37.241463,48.340958,2
-9.522415,11.115026,0
-8.882159,24.930275,2
3.9867213,0.093233086,0
-19.696785,-40.541317,0
-18.36967,12.41439,0
17.307697,-39.09468,0
0.58046937,-2.0265126,0
-36.16133,-57.379856,0
11.684163,-61.11125,0
16.814798,48.755283,2
27.937868,51.735817,2
-6.2835445,-60.066467,0
-2.8550286,19.669657,2
-20.807611,-33.713783,0
-27.565456,18.872282,0
25.141973,-17.18278,0
-6.460877,42.430088,2
31.030518,7.487364,0
31.93032,55.421238,2
39.614143,-30.923702,0
28.914448,36.34257,2
-18.982035,11.934432,0
66.81686,17.777119,0
34.679092,1.6578587,0
17.148447,36.668316,2
41.492237,-8.972826,0
36.602,10.59316,0
-11.526382,-4.550111,0
32.37642,15.330373,0
-21.50825,-30.299662,0
57.802017,23.249105,0
-25.8137,2.5417464,0
-12.446318,78.89909,2
-37.17967,-47.52722,0
-16.042416,76.54669,2
19.398458,-34.191006,0
-32.392227,11.221051,0
-20.871504,25.381483,0
2.3786614,-5.44336,0
19.323128,54.2304,2
19.657747,-49.24007,0
-0.15597582,-2.1286047,0
-37.075226,-57.98621,0
-27.50327,18.835348,0
-7.852998,79.83213,2
-13.685776,45.00266,2
-26.514477,-10.797696,0
25.275833,-28.661228,0
39.742252,56.506313,2
5.07727,-48.464355,0
-14.1098,16.006987,0
26.861874,-14.436707,0
8.783812,-53.970222,0
-12.469856,77.7484,2
17.150862,-46.004086,0
-39.829758,6.7119555,0
43.553318,-0.032698628,0
-5.5060983,-30.586376,0
-9.865696,-47.906776,0
-8.788211,11.230129,0
-3.3068576,-32.507347,0
26.528652,-15.105422,0
-7.718133,-56.653652,0
-36.740654,-57.741528,0
14.765214,-45.24738,0
-39.338905,-48.96766,0
3.4503973,3.6110592,0
-45.908916,-36.60199,0
13.36361,35.681324,2
-8.994464,-59.237766,0
-18.870964,11.855077,0
-62.72714,-11.117688,0
-61.307037,-0.6832397,0
-30.23458,-6.4543576,0
8.888375,47.98715,2
-17.65238,-39.476204,0
6.1723037,-47.060925,0
-10.854487,-13.300398,0
26.23641,-26.833984,0
21.654724,48.502533,2
42.429016,-3.3901167,0
-52.627808,-28.553701,0
9.608425,-53.90951,0
-10.331578,-0.1237372,0
14.702882,-9.119287,0
-1.911514,57.366695,2
16.210701,48.72856,2
68.98809,17.440573,0
-13.458217,-46.044804,0
29.269173,-15.418353,0
1.8808706,37.403137,2
0.36612988,-19.752295,0
-45.063477,-38.740837,0
34.898693,-19.935522,0
71.744804,16.142895,0
20.721165,59.063065,2
20.576544,-35.036068,0
-53.81634,28.67235,2
40.299515,-16.773184,0
-1.0744363,5.6292353,0
26.20111,15.125586,0
-47.39892,39.072746,2
-19.23901,-77.907265,0
19.694078,47.658382,2
-21.11787,67.28356,2
-42.0626,6.0340137,0
-22.173225,-72.94645,0
-51.52233,36.085033,2
26.3416,15.219286,0
34.1109,-10.739956,0
37.24435,51.74207,2
-19.824615,56.606068,2
-12.090276,73.11044,2
20.512026,58.911884,2
-21.290146,-33.42102,0
-17.574894,26.74346,0
-0.9611321,-19.088417,0
-34.22524,-62.277855,0
35.413536,-37.368416,0
-41.83104,7.298934,0
17.87042,-47.2404,0
-2.741257,41.623737,2
25.158709,-29.998968,0
64.093094,20.137436,0
-1.3783215,-19.284754,0
-62.59992,-11.084772,0
19.465513,35.944466,2
5.372154,-1.2459389,0
35.01162,-19.611465,0
-4.470401,20.923647,0
24.1995,-25.218758,0
-49.74454,34.342873,2
28.510996,11.744593,0
26.875103,-15.935304,0
-0.85126567,41.336807,2
19.407503,-0.11914431,0
-10.095613,-17.172274,0
25.568583,12.907703,0
-4.437616,-18.110435,0
-40.68375,-46.757626,0
-46.15883,38.619503,2
-9.367044,0.06932252,0
-23.412943,-70.97525,0
4.2656374,-31.32767,0
-5.494241,18.837297,0
-47.780838,38.388577,2
60.809628,19.478407,0
-28.675632,-19.1184,0
27.178991,15.460893,0
-27.349894,-6.500314,0
10.906513,35.638626,2
-19.140497,-38.607723,0
-17.410082,75.354385,2
-1.4682741,-64.88918,0
-22.277243,-74.79973,0
-10.44474,-9.050674,0
57.27865,23.634201,0
-25.194239,-2.4804654,0
6.5578794,0.61725885,0
14.488679,-5.1895175,0
25.77172,-29.418856,0
18.15556,47.444214,2
40.684982,-15.993648,0
-53.160652,7.952328,0
35.980923,48.346313,2
-15.740545,14.932863,0
-50.294346,32.750854,2
-3.9408731,17.163229,0
27.064798,13.741923,0
-0.57037425,-62.97582,0
-19.531376,-76.621895,0
12.78307,-8.32251,0
26.005028,-17.911724,0
-53.226967,8.104154,0
6.108366,-66.247215,0
-49.5817,6.320063,0
-10.971531,78.5362,2
30.696247,-7.1370153,0
4.1459517,52.366978,2
-9.602242,1.7037439,0
0.9551666,51.536102,2
8.196204,8.739349,0
-21.49657,-32.68763,0
-28.475515,18.331844,0
29.400272,15.94267,0
1.5245397,-1.7387277,0
-11.926611,-46.407745,0
57.417805,24.108032,0
9.119711,46.46162,2
11.204886,-4.900152,0
-14.414171,46.061928,2
-28.575935,-5.757765,0
28.150612,36.121822,2
27.545263,55.833023,2
18.972004,-3.5572019,0
-19.54258,25.857628,0
22.696198,48.884087,2
30.647972,-38.629784,0
-25.555315,-25.400337,0
31.366814,15.624734,0
-12.499808,7.381383,0
-6.777695,42.50064,2
-26.135225,-24.08679,0
27.237333,60.620033,2
-28.63292,18.930538,0
44.22145,-15.444054,0
67.247765,18.341282,0
-63.47235,-7.217602,0
-6.8988776,-30.524975,0
67.22556,17.625826,0
24.91227,4.1075225,0
-61.49446,2.0540004,0
-14.434033,27.177582,0
-2.9686098,58.340702,2
-35.19883,-57.821182,0
-47.16234,37.785225,2
-63.338,-7.1662493,0
73.899765,16.341028,0
35.48023,11.849718,0
-51.74243,37.29395,2
12.792985,-6.5531397,0
71.87246,16.135086,0
6.749033,-65.648865,0
-43.7032,-37.804256,0
26.462814,15.453482,0
-4.7565002,20.420036,0
34.102787,13.410288,0
-26.608042,-1.4687749,0
-9.504792,-19.852274,0
-42.759468,7.2810025,0
-61.84401,-10.750451,0
12.070721,-5.779061,0
0.9301337,-63.36234,0
27.80942,36.506054,2
-0.2604883,-2.5400047,0
-47.134296,41.379658,2
34.1017,40.241394,2
32.375515,14.76449,0
-49.242336,33.116688,2
33.370663,-19.523548,0
44.172153,-0.70229596,0
20.277594,-44.58618,0
-19.281576,73.54442,2
-15.192235,15.505164,0
-36.563366,-47.620388,0
37.75684,51.119194,2
42.748898,-25.040607,0
-17.731537,52.782757,2
-22.96838,7.434786,0
2.0081112,-11.283096,0
-27.959824,19.692806,0
-21.278225,-31.43184,0
-14.243969,27.01238,0
40.00244,-8.92403,0
33.51879,-7.5545816,0
0.42176643,-64.75709,0
-12.375549,-0.11761213,0
13.782032,-60.5871,0
33.491806,7.0480213,0
7.673206,36.21863,2
-51.373184,8.669785,0
20.150343,-48.627174,0
31.023981,8.959159,0
-8.094218,15.861496,0
-7.185977,53.820568,2
13.246167,-5.1514473,0
0.14943232,-27.179123,0
13.125272,-59.76174,0
7.1030107,-35.50233,0
13.181819,-6.0957465,0
-39.93569,-47.784405,0
-10.466293,27.04113,2
30.984224,9.866025,0
-6.0707355,42.206017,2
16.19228,46.42813,2
-62.33073,-11.000294,0
-62.267685,-10.172382,0
-40.677643,-45.560173,0
32.42064,40.634888,2
20.907639,35.460823,2
-51.96368,-28.188982,0
44.09884,-7.1406837,0
36.82755,7.3393188,0
7.7142096,47.525684,2
-51.70437,7.324424,0
28.66652,7.503339,0
-12.098916,45.862995,2
-4.9763217,42.310093,2
-34.87686,-59.165276,0
25.893158,-16.488455,0
-6.9839673,53.187576,2
23.513218,52.03082,2
-21.370462,68.288826,2
24.10659,57.950348,2
-61.170727,-1.7000271,0
-64.2191,-10.580968,0
-11.37094,0.1572653,0
-5.7832775,42.858425,2
-1.1702697,-42.30553,0
63.653233,20.428558,0
-2.3573484,18.955652,0
25.306429,-18.125015,0
25.076674,-25.001234,0
-51.63587,35.541325,2
-13.114035,2.0773036,0
27.64477,10.599598,0
-23.185911,7.0666585,0
-13.033083,2.5381799,0
25.412218,60.66992,2
32.310932,-23.46622,0
29.861652,-22.6435,0
15.551387,-3.442142,0
-52.851635,-26.991314,0
-21.915136,66.69826,2
-13.248459,44.62199,2
13.006901,36.75386,2
12.350352,35.311165,2
-4.5423484,-13.009738,0
26.17393,6.3616695,0
-44.388023,-39.789417,0
32.61714,15.613993,0
-28.435953,-15.379185,0
-14.872462,71.773155,2
-37.51263,-47.56406,0
-28.195066,-6.9356313,0
-7.6983685,-3.9408424,0
34.112328,-40.364647,0
-62.101696,-17.751518,0
-10.479426,2.131932,0
-9.986658,1.4345616,0
-48.64111,6.00317,0
13.909638,-27.685156,0
13.352973,-23.793,0
-19.7198,10.897199,0
-53.791103,-27.311642,0
-17.780296,-40.42654,0
-13.1577425,-7.0954895,0
-24.832148,-71.88708,0
-0.21802802,-64.36087,0
-42.593327,6.964788,0
-7.3809724,-60.261875,0
26.326923,-16.4206,0
-14.182686,-47.227016,0
5.4278255,-30.994062,0
-28.174337,6.5099683,0
14.124831,-5.4473743,0
29.102745,16.78358,0
36.406265,10.824383,0
-18.737919,-77.301956,0
-59.53929,-17.903292,0
-10.325615,-57.956192,0
-0.84636563,-31.391384,0
4.38341,-50.633587,0
-4.5009866,-30.42898,0
18.46165,-38.407776,0
-39.852932,6.76122,0
-58.33207,-22.277945,0
16.737097,46.412907,2
0.43894127,47.589043,2
-1.6178327,42.778843,2
-0.42895854,50.938522,2
-1.9215609,-1.2211801,0
-47.122643,39.72388,2
-40.838436,7.15227,0
22.119385,-0.5408835,0
-9.966578,-20.116499,0
17.00561,-25.924358,0
-19.313463,61.05027,2
8.607611,-51.224342,0
-0.5121001,-11.520581,0
9.257539,-33.072517,0
-26.480778,-11.785596,0
-10.758046,-46.572247,0
37.53525,49.72813,2
-51.938778,-28.175726,0
-11.743593,4.7613025,0
38.99904,-25.27042,0
-52.388542,8.280608,0
-10.189464,20.16238,0
-0.12636046,40.109905,2
-43.643974,-40.47911,0
-7.8850427,-59.29694,0
-30.658644,15.446001,0
1.8568802,8.273554,0
-8.71377,79.12551,2
31.485746,-4.342379,0
33.954414,7.221817,0
66.43343,18.738869,0
-25.784986,-2.8615556,0
17.789682,-0.8338115,0
-49.406025,7.5180926,0
32.6324,14.757326,0
42.94145,-10.543382,0
-9.302141,5.260577,0
-53.31161,-28.07378,0
-8.25241,-22.18822,0
22.57365,54.46765,2
23.224596,49.070084,2
22.167398,54.335083,2
24.672636,4.3797073,0
-1.3416423,4.7372255,0
0.4968927,13.193494,0
-55.823814,-27.767433,0
-3.3185322,-6.582539,0
-9.46744,12.964643,0
17.184643,-39.934944,0
-58.41,-16.381342,0
-49.270332,6.049113,0
-27.641716,-20.310976,0
-19.121906,-77.82029,0
-19.903109,-72.277275,0
-2.9989247,20.71737,2
7.5842605,-7.2174926,0
-27.815197,-20.421518,0
-26.32766,5.7992487,0
-5.5392494,-31.415161,0
-50.239098,8.71993,0
33.835056,-13.212873,0
-4.217094,-8.26886,0
32.56282,39.891476,2
14.364726,-27.436056,0
-26.813187,-19.690357,0
-63.51147,-7.237808,0
-3.0740824,42.507698,2
-15.267063,77.30571,2
4.179628,52.433754,2
37.37056,2.312002,0
-20.091913,-31.986206,0
0.16058488,-2.3603442,0
-31.422201,13.8761835,0
-12.038328,8.697852,0
8.775575,36.06613,2
9.860505,-53.62255,0
-13.924248,-49.996864,0
-8.310649,14.807767,0
-27.658052,-9.165371,0
4.360589,52.485893,2
70.20171,16.779701,0
5.326669,-31.078356,0
-13.072232,46.3496,2
-3.7786562,55.801228,2
-9.3779955,8.297355,0
-6.8017197,9.295596,0
-54.003918,28.860003,2
21.697805,54.074177,2
31.192879,14.910032,0
13.462337,-9.070005,0
-53.83472,7.021735,0
-30.06258,13.906539,0
29.609238,59.876698,2
35.3357,5.8739243,0
-9.289226,13.756528,0
33.565845,57.750626,2
13.299452,-9.214331,0
15.711053,46.451817,2
-3.0790715,19.346514,0
2.872132,-43.78282,0
-2.093849,-62.471268,0
30.31386,37.377678,2
-11.934303,-47.04252,0
10.275223,-5.4685483,0
-49.676632,6.405346,0
-14.650263,69.99332,2
2.2516594,0.9300728,0
-0.6700732,-63.25346,0
-16.680532,49.404716,2
24.257765,3.8305337,0
38.23138,1.1407634,0
39.06809,-21.06637,0
32.69162,-14.448454,0
-22.713297,24.051535,0
-54.802555,-27.814968,0
-20.404089,58.016586,2
35.298077,-36.893837,0
-11.286966,74.84297,2
6.095457,-45.31187,0
-7.16216,53.620304,2
1.0425776,-20.046577,0
-1.111441,-20.918684,0
15.8067045,-24.57236,0
-23.493774,3.2607703,0
-1.6468884,-23.078777,0
66.57947,18.74338,0
-22.044104,65.76632,2
-18.232082,11.505656,0
18.001625,56.636154,2
-25.483627,2.8878574,0
-6.976836,-25.721907,0
-1.531229,3.308178,0
-0.43996525,7.0992365,0
-22.211527,7.2161427,0
-27.607574,-18.931967,0
35.298424,-27.965227,0
-17.19544,49.798447,2
-9.603612,-56.471775,0
40.79765,-5.6309447,0
-8.5027685,24.865145,2
35.853893,9.817824,0
-21.888645,66.26716,2
31.137093,15.905478,0
41.139004,-20.91419,0
33.237312,-40.109467,0
-49.710674,33.402203,2
-53.53006,-28.166075,0
-6.9895816,18.424883,0
-27.896852,-19.70892,0
-1.4295831,8.555212,0
22.585222,-49.425003,0
-20.724226,58.44385,2
39.479515,56.850998,2
39.25427,-18.410915,0
-15.521161,76.65308,2
-1.1147699,-43.86846,0
-25.40181,1.6447533,0
-12.540225,-12.017085,0
-23.641094,6.3151584,0
-63.079437,-7.119073,0
-33.95261,9.942809,0
39.446312,-20.511429,0
10.411584,-62.184727,0
-52.31252,36.53944,2
8.009062,-7.5079036,0
-18.188816,54.3037,2
34.254642,-39.56161,0
40.21554,-8.458919,0
-52.888268,-26.996666,0
-27.464968,-11.094536,0
14.036652,-24.972708,0
-3.916648,-13.742269,0
-10.02062,9.755509,0
-26.77638,-9.349332,0
31.314589,14.98324,0
-7.4884915,55.050602,2
-2.3826225,-22.09363,0
-14.541163,-46.5746,0
-9.198181,-57.16108,0
-59.70206,-20.617008,0
-22.935339,23.707788,0
-40.411972,-50.440994,0
-36.096176,-57.344276,0
-19.909065,72.78237,2
19.71181,0.20495792,0
-15.924782,75.7656,2
32.720093,-23.251602,0
37.53874,-1.7733911,0
-28.769133,-7.632901,0
22.661867,-0.20217848,0
31.545063,58.690357,2
31.434492,-8.073042,0
13.759539,-9.568828,0
67.62627,18.262568,0
-61.879684,-17.428633,0
-13.553434,-6.342369,0
-4.442578,-8.374232,0
12.393546,-61.245567,0
36.332737,6.661763,0
16.17213,-45.327522,0
-60.708958,-15.844819,0
37.57543,5.354006,0
32.150284,-22.359575,0
-60.584335,-19.579416,0
22.375746,-49.620018,0
-58.583027,-22.52455,0
-64.09653,-10.554474,0
-14.633074,-47.563705,0
-13.295953,76.64436,2
-8.761523,23.711948,0
27.571003,55.810715,2
33.619904,40.58447,2
-12.531894,2.5000157,0
-9.733836,1.397124,0
36.940815,6.7704716,0
-7.985774,-4.5310206,0
33.886528,-6.317855,0
-17.145432,26.882608,0
29.52138,59.09766,2
-21.549873,-33.68611,0
-3.7707212,18.366053,0
34.47277,12.970372,0
-18.370184,54.1328,2
-16.696312,-41.64023,0
4.3785143,-48.81923,0
-20.151346,68.42961,2
-12.556205,-48.488796,0
-54.66509,-27.749718,0
33.981796,41.131123,2
1.5030667,38.376564,2
25.84297,-24.730783,0
39.128483,-20.821695,0
-16.824776,54.370045,2
-2.1753588,1.917047,0
-15.84842,-39.86925,0
23.36842,-1.140958,0
16.449516,46.334377,2
1.6458437,-21.079393,0
25.233143,49.100388,2
37.52407,48.864906,2
-6.7976894,79.7962,2
23.347864,-30.852413,0
-38.970764,-47.148186,0
-0.11554775,40.166985,2
-32.976044,-61.238155,0
-9.502797,20.29344,0
-15.471998,76.58937,2
21.94478,-0.07353847,0
1.9330006,-31.524105,0
40.620975,1.2060938,0
-9.228891,-0.11600487,0
-42.103577,6.0974846,0
-6.54749,43.01661,2
-3.8678591,55.80652,2
-17.19345,-7.107699,0
31.996332,-22.870779,0
-21.459911,-34.464287,0
-2.7757514,17.729624,0
27.158506,-14.575755,0
34.33352,-39.349438,0
21.278393,-44.83914,0
-35.971252,-60.68176,0
20.29764,-50.70515,0
-16.313993,26.940771,0
30.456858,-22.410732,0
21.060795,-45.086006,0
-8.116305,23.608084,0
23.62833,-25.425047,0
22.088675,-0.22484067,0
-53.07754,-28.756735,0
-3.190756,42.158234,2
32.807426,-18.277807,0
19.390108,-35.241913,0
7.149467,-34.84741,0
-29.968378,-16.639568,0
29.121944,12.213489,0
-58.84948,-21.460403,0
-45.21409,-38.84693,0
-49.23825,33.114567,2
-49.555946,7.810484,0
26.499132,50.277588,2
-22.400635,-30.587801,0
-6.927296,19.68985,0
8.518698,8.515128,0
-28.387302,18.836403,0
-1.3339756,-41.99417,0
-8.135856,-59.695538,0
7.817582,6.220857,2
-18.548548,54.720894,2
-32.641895,10.60412,0
-46.095955,-36.852047,0
-9.061667,-23.411959,0
42.26471,-11.956043,0
74.426,16.655306,1
12.173748,35.95016,2
-3.8090932,-12.353397,0
1.3734689,47.317055,2
28.067701,36.984806,2
-10.29776,-19.342567,0
-32.626076,12.067168,0
-33.131218,11.508244,0
-63.18803,-9.472315,0
30.909452,-37.485435,0
-16.505472,49.57233,2
-3.3740206,-6.486052,0
-1.7854922,0.31388915,0
-29.409319,-13.170648,0
14.302654,-9.136393,0
-6.2466736,43.242283,2
-8.053983,-24.527685,0
-25.889862,21.470533,0
31.639221,13.737514,0
-20.698856,9.442792,0
23.571167,-20.112679,0
-45.57137,-37.656967,0
15.483601,-2.9250662,0
12.803973,-29.279825,0
-19.499542,56.095013,2
0.47416437,53.71755,2
34.38329,-7.881985,0
-13.952715,-5.9865694,0
-25.544708,-24.505955,0
1.9865179,12.994369,2
36.122643,4.005816,0
5.5233064,-6.1603084,0
-45.32696,-35.88814,0
37.587765,49.27432,2
-1.5815431,-18.402626,0
30.619503,38.305504,2
-63.958233,-11.318743,0
-1.3562065,-65.78811,0
30.917883,-37.500072,0
27.187296,-26.449087,0
36.79681,49.01073,2
0.92698157,51.39298,2
-41.732773,7.1369753,0
42.83231,-0.25296098,0
-16.547081,76.21819,2
38.028282,7.527879,0
-4.691894,-26.376143,0
-2.7020304,19.271038,0
2.5779467,52.974846,2
-1.7278675,-11.747953,0
16.808697,50.584976,2
-21.431599,65.89336,2
-12.603529,27.26824,0
68.8164,17.53443,0
-51.225826,37.416763,2
43.266167,-0.19044852,0
-4.6069775,-13.401869,0
21.305403,58.924366,2
13.140551,-23.409916,0
-19.032928,-39.37547,0
2.773931,46.769863,2
-27.239742,-8.574717,0
69.90303,16.801025,0
-5.639121,18.657871,0
38.93704,54.537926,2
-57.900635,-20.748884,0
2.3373036,47.507748,2
2.9930358,2.405953,0
-2.9854205,16.877983,0
-15.208817,-6.4275866,0
-9.064666,-10.417555,0
41.916218,-22.095562,0
-8.831312,5.587874,0
40.021786,57.160683,2
-40.30811,-48.172474,0
-62.443863,-0.46245176,0
-21.492285,60.651344,2
30.806152,37.81853,2
7.6192565,-34.349968,0
-10.911928,27.12902,2
-12.203209,-5.1055536,0
71.76006,16.178894,0
5.741764,1.418214,0
-17.408417,-7.0281982,0
62.80023,19.48152,0
-17.555328,-6.8318286,0
-26.271078,-2.50816,0
12.091231,-61.512238,0
-17.194206,-40.081676,0
25.17464,58.61229,2
36.172882,48.672478,2
9.615932,-10.295256,0
-53.170563,7.9846373,0
-13.958533,69.97889,2
-9.840401,-18.34878,0
4.94471,-31.467943,0
25.415018,-27.645123,0
33.06353,-23.46195,0
-8.225794,51.984245,2
-63.18646,-1.7270335,0
9.552116,35.72173,2
35.860504,10.808332,0
-60.15138,-0.8421908,0
-55.41771,-26.141941,0
9.37629,46.707806,2
30.437197,58.1875,2
-20.521297,-33.340107,0
40.825752,-27.783813,0
-16.714315,26.916286,0
-61.249077,-8.228713,0
44.236576,-6.979193,0
-35.039997,-59.437317,0
-53.449085,-29.463995,0
-47.121437,41.228268,2
40.880875,-28.627388,0
1.259292,-27.412493,0
24.424154,-30.21756,0
-6.1106873,42.514393,2
34.32027,13.477592,0
-2.4245172,18.64817,0
3.24769,4.4359603,0
16.505335,-26.1563,0
36.97042,48.252567,2
-28.525768,-7.6445165,0
-40.159927,-46.47053,0
-9.734473,8.943448,0
-37.232784,-47.784203,0
33.36268,-11.457121,0
30.904398,-14.8194,0
-3.4249682,-7.8801785,0
27.581482,56.43856,2
18.876665,-35.859554,0
0.7631608,13.183055,0
33.82159,-7.414137,0
-16.07973,15.240022,0
22.059055,52.839127,2
-20.626917,60.36699,2
33.892452,-39.703938,0
67.4907,17.63443,0
24.061037,-0.1858947,0
29.337538,-38.140575,0
11.264048,-23.167377,0
21.589428,-31.54712,0
20.177298,-46.11019,0
6.726429,-48.847794,0
-12.912482,16.838343,0
30.287783,58.603325,2
-16.009497,49.13901,2
-25.373726,-0.6733162,0
-60.380108,-15.280878,0
-0.1423512,-41.506584,0
41.266384,-4.746335,0
-1.085769,58.12779,2
-52.345512,-28.408012,0
-50.979393,32.14264,2
-60.917763,-20.08795,0
-8.250073,79.616905,2
-29.60579,-13.160687,0
40.58398,-5.334076,0
-62.397297,0.58677715,0
39.975693,56.939598,2
-45.718605,-39.19023,0
-6.9613876,7.269854,0
-26.644775,-11.455225,0
-2.8110352,-6.048446,0
0.2212869,-26.677036,0
-25.823732,-1.2417804,0
-41.1429,6.176745,0
19.307405,-2.5316083,0
32.629276,-4.6390142,0
-0.6043882,55.83683,2
-8.756788,-56.44932,0
-55.757545,-28.297838,0
-5.4815965,-7.783725,0
36.07552,7.844196,0
35.70578,44.363266,2
12.191707,35.87294,2
-21.790846,65.82089,2
-15.656456,-39.073887,0
15.747613,-47.059414,0
-9.497361,-23.545382,0
28.47204,12.675056,0
12.172468,-8.127881,0
-23.872534,-71.69423,0
-10.102524,-19.167788,0
35.843246,-5.1054263,0
-5.8636336,-31.122124,0
-42.51809,-38.483,0
-43.27153,6.5771136,0
38.967636,9.152551,0
-13.01268,-48.924908,0
-8.173353,13.037135,0
-42.50259,5.533786,0
-46.51201,-37.39134,0
-62.405903,0.58726937,0
30.128168,16.66784,0
-10.43581,-47.80526,0
8.768411,-5.987865,0
8.838647,35.95674,2
25.436438,-17.359663,0
-3.4942286,21.00829,2
-60.40136,-15.314966,0
24.859055,-18.08562,0
-10.352937,-4.09868,0
-63.15652,-9.468064,0
41.922535,-26.72915,0
42.45304,1.0948578,0
43.186806,-23.82629,0
39.725754,-17.595654,0
-6.4517574,-57.46573,0
-9.021606,-55.642452,0
-10.429793,8.793188,0
-8.497116,-60.44094,0
38.118202,-2.82844,0
39.368317,-9.132718,0
-10.241256,-47.645676,0
30.24277,58.267143,2
-13.553573,1.3393375,0
29.268908,15.852396,0
-1.0276381,-18.589708,0
39.757023,-19.694122,0
-50.5843,31.740877,2
11.130598,-29.073517,0
25.215937,58.44017,2
39.420063,55.504135,2
-48.74586,6.152666,0
-26.461046,20.4502,0
17.354645,46.883156,2
-12.374921,17.723545,0
-7.070199,-57.479797,0
5.397819,-51.148403,0
24.04438,-0.12169152,0
16.291676,36.124275,2
-20.713852,60.34156,2
-13.347481,16.580566,0
20.33918,-45.92805,0
-16.57274,26.592474,0
-40.773357,-45.602238,0
7.2506433,6.79789,0
-15.508161,14.705595,0
19.008276,58.590668,2
33.198727,14.220884,0
67.570564,18.025578,0
40.371822,-29.473734,0
26.077618,35.63373,2
0.94565135,-21.721613,0
-6.8422794,12.474756,0
-5.9258895,-30.8866,0
13.402146,35.568607,2
60.739822,20.967663,0
-47.581917,38.406094,2
-9.360884,21.326311,0
11.027188,-5.710639,0
28.489265,14.60144,0
41.933254,-4.138048,0
-9.559322,-58.209225,0
33.110157,3.6193027,0
30.588774,15.913479,0
-41.208645,-45.85038,0
-19.351398,-38.769287,0
8.855874,47.56553,2
24.526613,-28.522015,0
-18.76667,11.307643,0
38.84653,9.01549,0
-3.343043,20.987703,2
57.423107,22.379814,0
58.208656,19.249304,2
18.646456,-0.5326159,0
-0.10316468,-41.43662,0
-0.16035749,51.501278,2
33.639618,57.74233,2
-10.954001,78.51093,2
-19.364214,72.5641,2
-15.520946,47.49663,2
-6.0039964,-27.570723,0
-46.064873,-38.133415,0
19.299433,-48.72513,0
-11.970834,78.09747,2
-1.629255,-19.412512,0
41.98241,-3.2298334,0
-43.732735,-40.557907,0
10.054567,-60.01179,0
39.22007,55.52335,2
30.816587,15.895815,0
-27.044249,20.764925,0
-22.069307,-30.47068,0
25.002062,4.467094,0
-2.462095,58.02747,2
41.15801,-3.8689256,0
-39.93237,6.9210534,0
-46.117455,40.41784,2
-12.038704,18.053242,0
40.797466,-8.967381,0
31.55477,-10.868267,0
-1.1505467,-42.57944,0
12.551701,-6.3263083,0
-54.58179,28.421516,2
-2.0533063,1.5525932,0
-51.628872,36.163017,2
58.014977,20.079012,0
4.032817,3.4728851,0
35.478474,8.183361,0
12.32179,-28.403563,0
-8.163127,24.063602,2
-53.91666,5.9048824,0
-2.4192398,-65.0027,0
-8.327149,-26.221182,0
-51.949577,31.955168,2
-32.192303,10.49162,0
6.3988905,-46.19197,0
27.938154,36.35748,2
8.820566,-25.302628,0
16.266499,-47.30484,0
-21.48884,61.62428,2
-51.572006,31.512432,2
57.134575,22.56715,0
38.701878,7.6381145,0
12.1949,-23.734476,0
-7.2388897,79.86048,2
-6.4630823,18.656475,0
0.18522109,-63.415005,0
-16.79153,27.085428,0
-0.85555893,5.904095,0
33.67926,-6.9899263,0
30.443731,-17.856243,0
-63.210728,-10.388965,0
-14.455128,71.93892,2
17.913322,-30.014994,0
-17.938059,26.480326,0
33.405125,-10.915413,0
74.96118,17.091217,1
-1.0451001,-42.503513,0
39.334675,-7.4186616,0
-1.2101053,57.595165,2
34.488342,-34.621902,0
-26.88505,20.6765,0
-8.525469,24.88652,2
-8.223746,7.4375553,0
-29.079842,-15.741288,0
-26.947126,-7.3613973,0
7.626591,-53.060455,0
-48.817455,32.945473,2
-1.074346,50.582424,2
-16.28102,58.842587,2
13.080958,-3.651691,0
6.9150376,-66.20856,0
38.464214,-14.379438,0
42.90698,-14.567343,0
-26.153429,-25.033224,0
-9.763248,-0.5822942,0
-26.500902,-24.449663,0
1.5203162,-5.752658,0
-22.442183,24.382582,0
9.8034525,-61.580166,0
-20.030031,72.84022,2
-19.14434,-41.08137,0
-40.020634,-47.8556,0
-45.561596,-36.153034,0
27.627228,12.923562,0
-2.6055062,-1.997375,0
-60.165936,-16.77699,0
9.850058,-24.850197,0
-10.7779875,-13.726313,0
-12.189912,45.088684,2
-9.137849,-24.47788,0
5.1069503,-47.48265,0
-45.97869,-35.763115,0
-10.722588,-14.208894,0
25.960197,-17.061954,0
-11.071647,-46.702156,0
-9.560929,79.15029,2
27.699448,36.64937,2
34.266697,-7.7330403,0
41.33288,2.2355163,0
19.137476,-3.6786664,0
-25.257874,5.8253365,0
-25.158037,-27.588238,0
31.416662,-40.924343,0
-63.200195,-10.386396,0
42.47406,-27.144474,0
-25.010492,-24.898796,0
16.538412,47.766346,2
7.3951445,4.9483447,0
12.3829,-30.40393,0
-1.4395545,-3.2247837,0
-28.16484,6.4199224,0
10.3265505,-6.9018774,0
-13.840824,-5.236085,0
0.5498224,-25.638575,0
-13.050079,-5.7868576,0
-30.513777,14.699049,0
-8.367259,8.464034,0
-2.315279,18.211607,0
21.39527,-46.013535,0
-0.30090654,-64.5683,0
-16.600449,69.58987,2
18.52109,-0.49375087,0
-60.857365,0.25584483,0
-7.200645,80.104385,2
42.96123,-4.2950544,0
-20.680971,69.392975,2
-1.0408696,-25.869097,0
-19.12735,9.820081,0
26.860611,5.570231,0
-34.9061,-59.222378,0
-9.006811,21.801813,0
-48.550674,5.9164476,0
24.485933,48.270634,2
-4.159135,18.205433,0
21.79196,-30.643806,0
61.13714,19.358889,0
-9.091933,11.377366,0
-61.084465,0.31551105,0
17.581656,-40.910004,0
-17.42826,11.702658,0
-53.786007,7.8445835,0
-23.202785,23.423029,0
-39.968113,6.98525,0
-60.757465,-19.830606,0
18.27616,47.17778,2
-9.960427,78.95125,2
16.112333,-25.29107,0
-0.7037728,-22.93184,0
26.310162,6.467718,0
-60.31379,-19.207611,0
32.65993,55.44788,2
-59.303078,-20.181293,0
42.122143,2.5694494,0
-8.467383,7.208296,0
-20.784561,66.0081,2
27.138535,60.473343,2
12.427947,-9.105046,0
-1.7850747,-18.322098,0
36.532005,4.9801426,0
19.025118,-3.2034853,0
40.041046,-27.841465,0
-57.88471,-20.73911,0
-1.1992333,-1.9369406,0
-28.948465,-14.7870455,0
70.85131,16.466763,0
59.686485,22.885534,0
-6.488681,-17.56126,0
-13.129485,-8.891817,0
-25.122618,-26.991266,0
3.8109276,-49.879242,0
17.724173,-41.946667,0
33.22287,-33.623165,0
22.525005,50.04296,2
-10.047924,-19.935787,0
-48.78427,6.2248654,0
18.32908,35.936363,2
23.698902,-32.378456,0
-52.195904,8.038111,0
17.502056,47.50936,2
1.867995,-10.818193,0
-27.45649,20.023064,0
-59.84564,0.78951985,0
22.50623,52.47259,2
-26.623861,-6.907586,0
-9.364963,-9.997954,0
-24.463102,-24.394365,0
17.16311,36.140354,2
-17.85223,11.3548155,0
21.606146,-31.511906,0
-40.184013,6.117889,0
39.15871,-4.8577657,0
-15.546932,47.453278,2
-6.501427,-54.91982,0
-1.944733,-9.403819,0
35.28948,43.49804,2
-53.90735,6.518221,0
20.070883,-1.0171717,0
-27.96934,-5.485028,0
-3.2659912,-12.950019,0
38.84249,9.264283,0
-9.424995,-11.79698,0
-53.386597,28.213785,2
-6.8883243,-56.989918,0
-26.220385,-25.095116,0
14.158692,-60.779648,0
-14.053922,-47.141098,0
11.573621,35.666794,2
-22.771503,-33.02688,0
-16.638704,-39.732594,0
37.54266,50.16756,2
-16.303152,59.44153,2
2.029573,1.2565097,0
-24.286278,2.5518792,0
33.84398,40.417667,2
-22.044878,6.2537622,0
-11.535205,78.51688,2
-14.410459,46.071964,2
-15.224966,-39.368366,0
-12.343222,78.80994,2
-30.045006,15.069513,0
-39.580307,-45.202892,0
-10.858197,27.788519,2
41.258247,-5.9267993,0
-11.117838,-13.428584,0
32.639496,-35.36869,0
12.8356285,35.514698,2
-49.46301,7.632197,0
20.086378,35.449547,2
37.053787,7.7230906,0
36.2118,-30.451582,0
-20.830662,-31.945498,0
29.179071,-13.912028,0
-10.208934,-24.58396,0
18.76405,-0.9832388,0
-21.663935,65.35017,2
3.199738,47.06413,2
42.937416,-20.735401,0
-39.501064,-51.08423,0
-4.9766083,8.744355,0
34.619415,-36.742176,0
5.5779734,-50.839397,0
-59.379353,0.63185,0
-8.874687,-23.49841,0
-5.606168,-63.409714,0
35.712524,4.424851,0
-38.12465,-47.66907,0
-36.35603,-58.94737,0
-1.0209562,-31.760937,0
26.87202,60.592648,2
33.24283,10.960607,0
-25.971218,-1.267808,0
-14.214363,-6.397001,0
23.357056,0.1626989,0
-7.972223,21.572756,0
-55.63168,-27.501343,0
28.820988,60.025826,2
16.359991,-40.273205,0
-25.816238,21.443714,0
-10.443212,27.74841,2
27.04754,35.875217,2
33.877483,-40.776627,0
6.9873734,4.900192,0
43.34484,-2.7725055,0
39.66866,-17.879976,0
11.949058,-5.5150146,0
9.466201,-62.115986,0
-28.976755,18.431845,0
-29.02948,17.873783,0
-39.532413,-51.10631,0
-54.40937,-29.057854,0
31.884432,-36.303944,0
16.232618,-45.23688,0
34.07365,-5.8181977,0
-18.232086,-39.747803,0
29.2722,-38.29971,0
-9.36985,-8.629523,0
-34.778675,-61.200535,0
-15.240308,63.405968,2
14.572299,-26.486761,0
36.574284,0.850573,0
-49.47901,7.6614127,0
-10.970467,27.207155,2
16.433283,46.008385,2
16.787727,-1.484216,0
40.137882,-20.295883,0
30.913013,-15.824554,0
-51.235134,31.133654,2
2.547085,-11.814972,0
-51.607586,7.1898785,0
2.7608895,47.117764,2
-8.753591,79.17795,2
10.909277,37.11268,2
-59.412724,-20.29213,0
-14.177797,-5.650203,0
16.436756,-39.498528,0
14.486035,-60.365963,0
-4.868452,-27.249945,0
-2.003533,-22.576412,0
32.20282,-24.422401,0
-53.53658,28.381186,2
-5.7462034,-28.878065,0
33.991867,58.0799,2
6.452339,-66.40571,0
-12.435749,-4.8860044,0
-9.522551,-25.07521,0
-22.131044,-74.49116,0
8.197163,-2.0518196,0
23.526577,-20.421463,0
-22.358532,-33.53484,0
-21.48881,68.882385,2
35.76861,-27.699417,0
-16.903845,75.79106,2
12.886845,-23.208986,0
20.944513,-45.22674,0
27.197914,5.4233675,0
19.394514,-51.14349,0
24.520847,-30.902615,0
7.112497,-52.521122,0
36.145023,44.170578,2
9.133646,-51.649246,0
19.408539,-34.568764,0
-15.514231,-5.8866954,0
7.0593204,0.36672914,0
24.656681,-24.997522,0
38.77672,54.108795,2
-11.777883,74.744965,2
-14.341186,27.100784,0
1.9884417,51.764393,2
-0.76393604,-21.19733,0
18.271301,-0.47552627,0
-40.704937,-46.77025,0
71.51859,16.276863,0
32.37317,-4.2933164,0
-19.858673,25.537907,0
15.348791,-4.9618998,0
1.0867325,-21.05072,0
27.830225,-14.671652,0
25.882555,-16.21556,0
-15.407529,47.668297,2
27.27594,56.062542,2
38.12156,-14.138167,0
8.348897,-9.067937,0
61.902462,20.565786,0
-16.43632,16.436377,0
-16.264256,76.03521,2
33.26276,-23.692993,0
1.7173717,8.7774315,0
-10.255099,-17.478464,0
-12.6051,-47.32413,0
1.2283989,-20.273928,0
-8.114468,-59.66089,0
-1.431878,-20.537119,0
19.312706,-34.35606,0
1.4863266,50.492264,2
-15.720583,62.77516,2
-41.886345,-46.25206,0
57.394093,23.69606,0
30.558815,-15.547003,0
33.31885,58.504005,2
-10.476598,-4.197823,0
-21.265203,23.506786,0
-0.579098,-12.031434,0
-40.36159,3.3346457,0
-13.702406,3.9033937,0
-32.887787,10.045704,0
-61.222878,2.0353086,0
3.005619,-10.536076,0
30.976824,-39.493553,0
-50.310604,31.486088,2
-15.576476,26.7832,0
-22.298592,-74.848625,0
-4.3568964,-34.854855,0
-50.07882,8.548126,0
38.499912,53.26752,2
32.212193,39.313274,2
3.4285512,-47.123623,0
-4.9402213,-13.995148,0
15.805232,-40.50386,0
11.652161,35.403355,2
-21.690083,-75.31576,0
25.831953,12.755845,0
31.024668,-7.1614647,0
-22.360188,-73.17752,0
-22.14368,7.7061396,0
-16.77179,49.330135,2
17.88137,-40.197384,0
17.187893,36.000317,2
-14.141982,-46.305702,0
-43.007946,-38.31259,0
-21.66332,67.24062,2
-18.344025,53.393375,2
19.70792,-46.660572,0
72.87765,16.105778,0
8.484083,8.367065,0
33.04848,-23.656233,0
17.927485,-27.370573,0
-19.713034,-40.805233,0
-25.02153,2.6562572,0
-60.565594,-8.699275,0
-13.315583,78.28385,2
-38.881668,-50.63319,0
12.376617,-28.733223,0
-13.491699,-51.24179,0
-22.84075,-33.129436,0
18.28978,-46.276016,0
25.76696,48.65123,2
27.452293,60.58298,2
20.920969,-34.376373,0
-3.5767674,-18.965805,0
40.6931,-5.643703,0
27.37065,-15.123939,0
-32.92759,-61.208454,0
-11.150216,-0.09703733,0
-17.427923,26.471022,0
2.1304061,-43.630466,0
-1.2833385,-2.2563217,0
-29.7699,16.658062,0
-15.245781,77.279366,2
-1.2880723,-20.831701,0
0.7476981,-20.387949,0
-3.840094,52.700924,2
4.1782756,-12.0231495,0
-18.401632,54.10292,2
75.04999,17.165808,1
37.579205,51.15541,2
27.371025,7.6357923,0
24.533365,-27.797112,0
3.8170407,36.60789,2
24.950893,-18.657915,0
25.903908,60.673576,2
-55.073513,27.959684,2
6.336303,-32.707214,0
-9.794921,-20.027565,0
-27.177706,-7.9293313,0
-12.40931,-12.484672,0
-27.475117,-7.136592,0
-26.396185,-9.503009,0
65.98719,18.921076,0
-33.217175,11.53392,0
-3.8694334,55.657932,2
-50.49795,31.66085,2
22.539167,49.994343,2
33.34352,57.56254,2
21.106163,-50.475292,0
39.397026,56.312523,2
-39.228283,-47.27222,0
30.379137,-7.3655787,0
2.2101178,38.0956,2
10.863524,36.266968,2
6.232003,-45.43414,0
70.36393,16.68628,0
-1.4774909,-44.07888,0
-3.473385,-7.9073515,0
4.518305,36.6892,2
-41.274433,-45.892944,0
18.747896,58.438484,2
1.3018687,-19.099195,0
-20.342468,-32.25383,0
41.12009,-16.73858,0
-16.835455,-41.800358,0
35.021236,-20.179531,0
6.5417814,-6.824769,0
-12.513649,44.729458,2
27.445995,58.959396,2
0.23118848,-63.326008,0
-14.479369,-6.0249977,0
-26.835762,-19.212063,0
3.9461093,0.07336434,0
38.871082,9.173501,0
-29.642998,-12.525697,0
-12.573852,45.435303,2
-27.917747,-3.4948945,0
14.182712,-58.892242,0
36.80417,5.047195,0
39.611725,-15.514245,0
-62.410526,-6.51851,0
43.823364,-0.72473544,0
-7.627541,-25.207695,0
-9.049327,-0.86293924,0
-33.146397,10.771473,0
-50.859425,30.775549,2
-61.037823,-17.96337,0
-34.691147,-62.70607,0
-13.531499,17.23751,0
39.586494,-29.015247,0
3.5086155,37.683277,2
-3.9809215,-34.626183,0
-21.98666,66.25567,2
24.797628,48.80551,2
-63.89167,-11.308794,0
8.597025,-54.113064,0
34.118755,-2.420091,0
39.512077,-15.145796,0
-3.7217453,-11.568661,0
59.91842,21.73781,0
-10.532533,19.593264,0
-7.852362,-26.974699,0
18.604969,47.33119,2
58.34295,23.708744,0
18.650234,-3.9831328,0
0.39931482,-64.80469,0
-41.277737,4.2576017,0
1.8975849,37.443195,2
44.05571,-14.049945,0
0.9585319,12.753314,0
-1.734286,-24.785027,0
41.995766,-25.520952,0
-19.92257,25.589966,0
-53.50001,28.334936,2
-11.655444,74.84909,2
-27.255194,19.891315,0
-4.194927,-11.938654,0
32.301506,10.07554,0
2.556238,-44.70058,0
-0.40453067,-31.43557,0
-33.337406,10.857734,0
-17.078112,48.992306,2
42.470787,-16.612186,0
-21.688446,24.340244,0
33.712177,-1.8744078,0
1.9956683,7.067698,0
-7.7495074,52.403248,2
2.042734,37.80717,2
37.23293,48.75236,2
-21.376793,-73.12269,0
9.070012,-33.35634,0
-54.80104,-26.731554,0
-20.95117,68.9061,2
-41.23966,-47.062206,0
28.918947,36.33841,2
-23.116076,23.84655,0
-0.12936005,40.698196,2
35.219337,-29.099995,0
-4.4762664,42.421753,2
35.369305,44.001217,2
-6.267907,-28.415375,0
43.560734,-0.52794933,0
39.21502,56.897675,2
19.137012,-37.277138,0
-54.46026,28.282146,2
40.463215,-20.362713,0
-14.215307,-0.9317087,0
-7.102088,-27.340265,0
-40.4325,7.612974,0
-13.917306,-46.188335,0
-7.597698,52.528698,2
11.41123,-60.62825,0
-40.07746,-50.023335,0
-0.94349164,40.495396,2
21.888567,-49.994377,0
9.554655,35.715443,2
23.04285,-18.688673,0
-12.70914,7.0061016,0
-9.144097,22.197136,0
19.880835,-36.36069,0
42.25393,-27.869469,0
-17.128788,26.845642,0
32.44433,-22.199896,0
39.404835,8.135565,0
8.163939,46.832016,2
31.018866,7.296583,0
20.687244,-47.5447,0
-12.293902,72.33757,2
-17.512104,52.256393,2
-11.389284,27.532093,0
-57.51725,-20.416298,0
30.479105,53.120354,2
0.43050924,-1.0778279,0
-27.409956,-12.508621,0
-9.085829,-17.903997,0
34.309372,41.647137,2
40.29294,-8.552324,0
-42.42517,6.62302,0
7.9919796,-0.36988473,0
-1.4009618,40.798477,2
-54.352077,5.9553547,0
-10.486225,-24.964788,0
-55.394714,-26.122778,0
59.1249,23.07619,0
8.7261305,-8.024766,0
-17.525028,52.24437,2
24.70405,3.8039012,0
-10.797919,-13.737758,0
10.910134,-30.50867,0
5.799569,7.9185276,0
2.7550244,0.14426106,0
39.51436,57.268776,2
26.439775,36.053276,2
39.305847,-15.511888,0
9.136497,-61.35797,0
41.08452,1.0415304,0
34.16941,2.0748336,0
17.266489,-40.294872,0
13.109286,-29.74016,0
4.569471,-11.964677,0
-2.6503441,17.185383,0
-7.7634373,15.335443,0
-18.060013,53.72827,2
35.945942,43.78188,2
-25.542551,3.1358967,0
32.413418,55.227734,2
-28.586319,-17.6089,0
34.48773,11.955589,0
-11.148052,78.76562,2
35.067917,1.7227755,0
-19.11566,74.042435,2
-26.621572,-9.40369,0
-7.1829796,52.076786,2
-27.88103,-19.00671,0
-8.457164,79.46568,2
-11.862582,45.55257,2
-24.353262,2.552457,0
60.388798,20.528643,0
42.900448,-26.39335,0
1.2758545,-20.051702,0
42.932243,-10.802575,0
-19.536821,-38.53425,0
38.074,51.624516,2
33.662697,-40.707436,0
-16.50324,-38.9386,0
-24.522585,-25.24217,0
34.53009,-31.533792,0
-33.360588,11.575433,0
43.874977,-5.0170474,0
-26.59971,21.061066,0
-11.15824,-4.3866243,0
75.101135,17.210875,1
0.94766283,-26.495028,0
16.244106,-26.831623,0
41.18831,-15.157647,0
-2.812714,-6.0503025,0
1.0732371,48.735218,2
19.359743,-3.7761574,0
34.23043,41.728477,2
19.043236,36.65025,2
-15.470396,-39.55739,0
-3.3154466,50.32612,2
-8.827473,-58.87715,0
-45.739616,-36.372208,0
-17.024069,49.948044,2
-60.284794,-1.6441,0
-3.926119,8.719096,0
8.037854,-65.401085,0
-2.4996908,-0.42847586,0
15.592851,-44.956917,0
-8.516791,51.71736,2
24.043274,-18.443262,0
17.404575,50.640324,2
-28.0601,-18.28323,0
11.601745,35.548386,2
0.52539027,-27.031118,0
-20.67007,70.938835,2
31.176987,-11.10474,0
-63.945824,-11.316823,0
7.4043264,-34.67223,0
-7.8739114,8.840395,0
59.65049,20.681574,0
-9.759016,-18.287764,0
-6.3013396,80.397415,2
-50.38562,31.558458,2
-29.53413,-12.874124,0
-21.015339,59.666504,2
1.8016499,49.775143,2
28.221483,13.500906,0
25.659046,52.171303,2
33.079105,-23.323036,0
17.437845,-33.1422,0
-0.40011945,-1.5572331,0
-27.924206,19.07071,0
-6.0718193,80.31154,2
19.202007,-3.564952,0
-36.27068,-61.166367,0
-62.71491,-1.7065377,0
-45.92292,38.69388,2
0.5283103,-5.6966987,0
-53.822834,29.880766,2
-54.279182,28.075157,2
-61.458275,0.41457316,0
15.745452,36.079563,2
-8.909664,79.50997,2
8.425479,-33.484596,0
-2.2898116,-62.68915,0
42.771706,-27.30902,0
26.57378,-27.105957,0
-20.525095,69.864235,2
-3.7200882,49.985313,2
-51.303566,6.818374,0
-33.98517,9.960972,0
20.55237,35.267906,2
19.756443,-34.87136,0
-12.017433,18.042887,0
-21.668585,66.72185,2
-28.478594,-8.265261,0
2.0074604,37.72855,2
-18.867928,-40.96372,0
41.916225,-22.095642,0
-0.666645,7.358303,0
63.62152,20.409113,0
-29.664675,16.728394,0
-12.500695,17.811047,0
-18.147484,-39.707,0
-0.4331836,-64.859344,0
6.2831645,7.9911685,0
8.518338,8.896561,0
2.8935888,-33.29907,0
-19.988152,-77.58275,0
-34.32502,-62.36866,0
22.435173,-50.910446,0
-14.974026,76.94132,2
40.947937,2.8285599,0
43.9169,-15.158395,0
17.608784,36.82225,2
-1.6071388,-62.995693,0
23.871237,-18.572912,0
12.078868,-60.67928,0
-12.943217,45.807133,2
26.077717,-28.00419,0
32.700947,-5.984211,0
37.31716,4.6426783,0
30.39697,-14.737206,0
-2.7462316,-63.42306,0
21.096716,-50.77954,0
69.95958,16.937986,0
34.124653,40.22862,2
-33.64,11.004038,0
0.36919054,39.493603,2
-0.1435302,5.983554,0
57.365364,23.063326,0
19.614367,-0.4724321,0
-20.27713,-77.205086,0
-9.047291,-12.528387,0
32.160572,-23.409899,0
-9.281222,12.666132,0
38.163643,52.37868,2
-9.661008,0.1938427,0
29.597017,-37.314163,0
41.013523,-7.361224,0
73.91867,16.349995,0
-1.5126938,-11.057334,0
-0.33149707,-20.433508,0
-61.337242,-18.35671,0
-7.6920085,-18.501616,0
-28.022581,-17.219158,0
9.397041,-54.131153,0
-12.4759245,-49.6463,0
-20.043404,25.683556,0
12.649304,-23.624678,0
-26.40904,-8.242437,0
-8.820455,21.417734,0
-3.731719,19.257492,2
60.87267,22.424786,0
44.189957,-13.769618,0
-27.76386,-9.149138,0
43.431602,-20.38627,0
-19.427992,73.62563,2
-6.0115623,-56.046616,0
-49.21111,34.014675,2
17.831263,46.633015,2
-14.364892,72.14223,2
-26.599247,20.52101,0
58.21394,23.084934,0
-19.224503,12.122767,0
8.913751,-6.7825284,0
7.5523868,47.28214,2
40.74212,-28.890467,0
27.283945,60.20088,2
29.742876,52.94042,2
-26.347752,-7.629267,0
19.677822,-49.216396,0
8.589778,46.986637,2
-22.2556,-31.248367,0
16.949362,-49.60094,0
-6.4956694,42.601353,2
-8.892316,-55.49243,0
-50.504604,31.667278,2
-12.657713,2.186336,0
16.408737,-2.3130074,0
-2.1476142,-11.230173,0
-13.915204,17.015755,0
8.218253,8.425655,0
27.371176,51.284855,2
37.99683,52.727467,2
-51.31323,6.8287454,0
36.06192,2.8824317,0
-45.681297,-39.164993,0
-7.6304784,-55.218807,0
-9.128443,-59.67617,0
25.538712,35.655968,2
31.479979,55.9742,2
-42.90918,-38.22236,0
-27.738562,6.2218266,0
3.180261,3.7443943,0
8.952817,-10.452918,0
-49.326057,7.3648767,0
34.204666,8.054256,0
4.8080015,52.481033,2
-1.0330771,5.153027,0
-10.475555,-12.501324,0
-6.3479033,80.2522,2
-10.132068,15.335287,0
-35.88438,-57.232697,0
16.128029,47.209637,2
-52.962254,-27.900963,0
14.525811,-23.655487,0
7.744546,-53.93499,0
-40.69603,-49.03775,0
-50.248272,32.713535,2
18.638231,-26.886703,0
-21.61142,-72.26795,0
-25.027292,22.175365,0
0.9848432,-21.138067,0
-8.747116,-56.406822,0
-58.638046,-22.593521,0
32.676754,-23.784803,0
-60.38428,-17.064388,0
-15.759697,71.43526,2
-30.252846,-9.326321,0
32.253235,-4.296319,0
13.583178,-60.065887,0
-28.653137,-15.471508,0
34.447285,-10.143629,0
22.690275,52.01393,2
-13.63311,-49.567844,0
-8.501217,12.306842,0
-47.13169,38.44463,2
21.283855,-33.069916,0
-40.621525,3.3697648,0
-11.325552,8.56818,0
14.383064,-60.492058,0
34.627655,12.556787,0
-27.778778,-5.558731,0
-3.0114007,-34.011696,0
-9.04918,-25.116346,0
35.260525,-28.750463,0
-12.866088,26.814342,0
-25.912727,-0.14957476,0
8.250525,-2.2039802,0
33.007202,-8.641512,0
-9.4224615,-19.216908,0
-62.555767,0.5899559,0
-48.987663,32.999474,2
-5.8306246,-56.810143,0
-18.978842,-77.70364,0
-24.715155,-71.67912,0
11.1703205,-29.046423,0
-12.515049,45.504974,2
20.322489,36.312626,2
33.106735,4.1898813,0
-21.015036,61.81317,2
33.17009,-39.873196,0
7.6199775,7.441679,0
-1.8358,51.26453,2
29.933733,59.604992,2
4.3644533,-29.846834,0
-11.184974,-8.535415,0
6.405996,36.254787,2
-14.234352,46.364117,2
-52.223576,-27.61523,0
35.007545,-37.14985,0
39.556717,-18.48002,0
-10.687334,-8.657932,0
-61.57509,-0.6297802,0
-41.157127,4.1333146,0
-19.644167,72.664375,2
12.98624,-22.862333,0
25.985613,35.858974,2
-12.945422,16.863907,0
-2.3216746,-19.46734,0
5.7232976,-2.663189,0
-20.4136,57.281116,2
26.739597,7.113388,0
-7.8794327,-13.538426,0
-4.1859956,-26.482115,0
23.669392,49.826447,2
30.202225,-11.109461,0
21.325533,35.357086,2
-62.81621,-10.307146,0
27.448479,60.507156,2
58.267075,23.507923,0
6.1760716,-45.551804,0
-8.371798,-60.108467,0
36.601948,47.721966,2
-1.1003895,51.204193,2
16.400986,-44.934998,0
-7.9922676,13.673626,0
-6.59132,-56.279762,0
28.420593,9.499532,0
44.385582,-7.1218686,0
-7.7554235,1.6255528,0
-1.3798542,40.9734,2
-4.409229,-34.88175,0
-60.9615,1.9979904,0
18.367271,51.366734,2
17.416088,-39.98712,0
-9.955189,20.44635,0
35.540485,-3.9055293,0
16.683208,36.32117,2
-9.539171,-46.09232,0
-10.875269,27.852823,2
-59.16198,-21.959803,0
5.0134535,-50.92775,0
39.740982,-30.70311,0
-19.567947,9.560445,0
30.449944,-11.922552,0
62.87001,20.644129,0
-19.962358,72.13534,2
-60.9957,-17.912403,0
-21.725868,66.27562,2
19.133154,-0.13734756,0
38.23346,8.978898,0
39.180576,-19.634123,0
39.897953,-26.538681,0
-49.615723,33.34372,2
17.228748,47.29276,2
6.451754,-66.4074,0
26.084854,35.610962,2
0.96915245,12.82787,0
-0.7438064,52.459164,2
-12.003217,17.701359,0
74.01385,16.388794,0
33.452732,-14.961532,0
-27.384031,-20.97524,0
-15.213528,77.243996,2
18.762978,0.9044391,0
-20.586365,24.180471,0
17.86819,49.81267,2
-6.507584,80.3591,2
24.870962,-18.264557,0
-0.45630375,52.889675,2
-59.135544,-21.903095,0
40.594627,-17.489857,0
-4.3503346,20.388222,0
42.368824,-13.490029,0
-53.181095,-28.00703,0
-60.820625,-16.02792,0
-14.978907,76.94827,2
1.882468,-11.137207,0
21.321413,35.437767,2
-30.599348,14.154733,0
-29.28215,-11.883962,0
23.088089,-50.320587,0
-0.10759658,-64.11347,0
31.09218,-40.400024,0
29.836103,37.066975,2
40.59814,-27.469852,0
-0.54088503,50.176273,2
21.600122,-50.838573,0
60.681267,22.600365,0
-2.9176943,57.773045,2
28.788498,55.890507,2
-23.473145,5.659756,0
0.79423577,-63.74213,0
14.027631,-9.446304,0
8.7346325,-11.248315,0
15.434682,-3.323592,0
-44.559963,-38.382915,0
8.904316,9.022498,0
-26.947737,-22.6017,0
-20.981415,70.43421,2
7.1808267,5.1006517,0
34.508457,-35.42126,0
-16.117777,47.961823,2
-8.592863,79.70498,2
16.291555,-39.71812,0
-19.192753,11.627228,0
-23.03341,-32.988808,0
42.965645,-25.646515,0
-9.026702,-12.742666,0
36.34462,-2.5864394,0
2.870195,-48.559464,0
-16.150177,-40.97673,0
-13.608128,26.811102,0
10.893431,-23.701187,0
-6.6094184,-31.778313,0
7.7343183,35.984985,2
16.806614,-47.924725,0
16.958818,49.649574,2
28.1019,-14.0941305,0
8.026161,36.43928,2
-10.300946,-17.55701,0
-23.012238,7.441785,0
9.181379,-33.26789,0
-9.537931,21.41954,0
-23.758316,-71.49775,0
12.672635,36.11123,2
-22.035841,7.680522,0
-46.563065,40.77025,2
16.30159,48.549503,2
-2.6381662,58.410095,2
-8.834882,13.947144,0
-28.879086,-11.750347,0
1.0850059,-4.4125695,0
29.402317,-20.485994,0
23.227339,-32.153503,0
8.260566,46.57993,2
-26.441927,20.96166,0
10.17225,-24.142967,0
33.029182,-39.512665,0
-0.022789255,-43.420628,0
-15.915994,13.744453,0
-10.164193,27.584751,2
33.524635,40.657913,2
34.956177,-30.423456,0
-20.211641,57.490368,2
0.70294964,-24.578833,0
-1.0066648,-31.75422,0
1.9958102,7.776307,0
3.1846685,37.028175,2
6.7169027,-52.940464,0
27.108507,57.36415,2
-16.376303,76.11869,2
-27.7677,-4.075476,0
2.5489023,-34.130302,0
-13.147657,44.72366,2
-0.64823675,39.873234,2
14.888208,-9.350772,0
-53.522564,-27.178518,0
-29.076645,-18.55824,0
-19.414545,10.60456,0
-31.8319,10.9785795,0
32.391857,14.655743,0
2.667934,-34.452713,0
-19.815208,-41.10437,0
-40.462326,6.5733156,0
13.450132,35.45153,2
-6.5482216,-56.169773,0
-32.96785,10.696847,0
0.36984968,39.40833,2
20.263424,-33.5513,0
-21.264982,62.32141,2
12.945735,36.911987,2
-51.05205,30.950558,2
2.3433514,7.6946335,0
-20.938595,-30.298733,0
31.804077,-12.897457,0
21.358805,-31.24175,0
25.087141,51.341587,2
34.721546,-26.976772,0
37.53048,49.2549,2
-13.841179,77.66941,2
-10.027092,4.6060557,0
11.340348,-24.010555,0
-51.78768,7.4475174,0
13.360656,-29.066568,0
-4.939903,11.167013,0
-34.003677,-62.0928,0
-18.004509,52.532154,2
34.106934,-1.0440482,0
60.901573,21.777748,0
-46.467495,39.815903,2
-22.925076,-30.890493,0
38.466595,-26.302622,0
-46.307804,37.924072,2
30.220776,58.019104,2
5.810764,-46.362934,0
-35.171295,-61.6362,0
-15.0135565,-46.9796,0
60.497784,22.013132,0
34.539825,-19.584656,0
-40.071186,-50.01829,0
34.50251,-19.786734,0
-10.0807,-57.434406,0
30.2501,-6.967124,0
59.939087,20.118248,0
-4.499136,42.268562,2
-0.42993686,-64.85216,0
31.221092,8.170844,0
10.347065,-62.255104,0
38.965675,55.516285,2
34.27813,-26.49844,0
-46.469704,38.551178,2
-22.437769,-30.603296,0
-60.02826,-18.800455,0
20.754278,58.994057,2
-23.793064,-71.550255,0
29.397408,59.749863,2
-27.92348,19.672625,0
37.07884,7.703521,0
-21.518044,-75.0481,0
-2.2415562,50.594177,2
35.479073,7.8816485,0
0.36958587,39.430435,2
-0.23782752,-12.121142,0
38.93267,-18.728771,0
16.460793,-25.413822,0
-15.597998,47.36361,2
59.761726,23.230476,0
-19.98348,57.05966,2
15.969656,45.800938,2
-19.793709,-39.251945,0
15.700267,-39.715786,0
-28.571419,-12.293968,0
28.216312,59.763985,2
-19.243557,12.138549,0
-17.687395,-42.349537,0
16.863174,-25.864258,0
34.178844,12.729968,0
35.31982,-3.7259054,0
6.850151,-45.287006,0
-4.286319,52.433773,2
9.506701,-54.018368,0
-13.753837,44.897648,2
-50.063793,38.52472,2
3.5627623,-45.519135,0
39.449936,-19.93901,0
60.615486,23.065529,0
-24.73975,-71.725105,0
-20.738739,-33.625484,0
2.1112676,50.87281,2
-3.5831769,-35.819935,0
-14.507927,76.33929,2
21.437202,-31.852337,0
8.095019,48.17882,2
-16.15458,26.712063,0
35.37633,-37.440468,0
13.285456,35.94455,2
-54.44863,6.379485,0
-31.873838,10.996031,0
-4.1278324,-8.227271,0
27.226892,16.361685,0
43.815544,-16.782734,0
-21.767563,61.498146,2
30.453615,-40.108124,0
31.107985,-13.456906,0
20.650974,58.99169,2
-61.08543,-8.814425,0
38.19736,0.8437555,0
-6.1994114,43.040123,2
1.2740284,-1.2588643,0
62.016308,19.987247,0
-40.51707,6.659966,0
-3.236276,-32.75335,0
-59.424274,-17.68001,0
18.651497,-0.2755635,0
26.52883,-16.666378,0
25.191135,-31.791147,0
-61.296528,-1.6992215,0
-20.052904,9.27545,0
43.92999,-8.384576,0
-1.9513937,2.1658,0
-20.782959,59.742012,2
-19.761522,59.125515,2
8.934497,9.158869,0
-36.26617,-57.437115,0
-46.132893,-38.19981,0
-25.729122,-1.2289076,0
-3.0337052,-19.981293,0
32.65247,-24.729155,0
-22.333403,6.783609,0
57.334618,23.074375,0
30.674301,-8.142704,0
-48.316936,33.623554,2
-27.768152,-20.397518,0
8.796833,-54.67884,0
-64.06174,-9.660195,0
20.427015,-51.3308,0
31.86326,55.44874,2
-28.295435,-15.314497,0
8.740131,-33.66002,0
21.756914,-45.551537,0
-13.483706,-50.48604,0
42.580845,-27.900003,0
25.20549,-30.887533,0
-16.680319,69.472,2
-12.783084,2.5215802,0
-2.7172668,-19.588228,0
-15.013591,15.353511,0
25.548996,35.64728,2
-45.967316,38.67592,2
3.3092523,3.5592155,0
19.987167,-0.7269096,0
-55.047806,-25.84047,0
-28.207083,-14.584469,0
-5.4478345,-32.253883,0
43.579605,-10.918503,0
39.363613,-14.842399,0
0.6338522,46.95704,2
-22.111658,24.145723,0
23.463615,50.873573,2
-31.242966,15.019488,0
-63.36647,-2.593902,0
-63.323406,-6.338377,0
-12.450809,44.797577,2
-4.6205745,-35.00931,0
-21.508522,68.87297,2
38.800224,8.764635,0
1.0284222,47.768303,2
1.2354286,-10.963756,0
-8.773941,79.208206,2
-16.31,47.72628,2
-14.134923,17.183058,0
-4.119503,21.273615,2
13.778372,-58.78211,0
3.8637729,36.939865,2
-60.32511,-7.969916,0
20.815458,47.987312,2
34.54774,-19.52365,0
13.294957,-61.083374,0
-13.603827,4.088726,0
20.6724,54.319775,2
43.506557,-16.886337,0
-6.0621786,-14.865821,0
33.767,41.263092,2
28.229275,15.560364,0
28.747522,36.58146,2
5.1136236,2.2195487,0
-8.877128,-22.74661,0
-52.04352,-28.230677,0
-40.749805,-45.59168,0
33.313805,-6.96646,0
-6.7436466,-58.88403,0
-22.289865,-34.408733,0
-7.8385553,-56.84751,0
27.083387,35.777466,2
42.9262,-15.196614,0
-25.184772,-1.6856056,0
-61.732677,-1.7004257,0
-13.854894,-5.076097,0
62.685246,20.898176,0
-20.652496,9.932885,0
-13.472559,45.310894,2
34.721424,-30.206469,0
-23.421978,6.2173543,0
38.67725,8.626506,0
7.846471,5.9555507,0
18.409437,-48.458424,0
0.96513796,12.324679,0
37.848537,1.1583216,0
16.517252,-29.986979,0
28.273415,60.39617,0
-1.5557795,57.741386,2
-34.16491,10.060695,0
-16.175323,-5.818641,0
-19.414377,72.58158,2
-20.536318,8.926438,0
66.59912,16.705154,0
67.85647,17.409454,0
-6.8220944,42.88907,2
-0.49877623,51.283207,2
-63.009254,-6.3883495,0
-60.620445,-19.6321,0
2.6442904,-11.935179,0
-18.166197,52.357113,2
-3.781479,-32.979874,0
-50.271538,7.060513,0
-19.160843,12.070004,0
-27.560776,-5.322962,0
-16.051235,13.819608,0
37.838642,1.1876919,0
-1.4386058,-11.586126,0
39.261826,56.629623,2
1.0265591,-4.776118,0
25.11013,57.97319,2
-19.658442,-32.194912,0
23.622288,-32.52904,0
-52.21446,36.40201,2
7.6058383,-2.6738436,0
41.34946,-9.47476,0
8.044687,47.18856,2
-3.9908159,18.336964,0
-61.817795,-6.7618375,0
-7.184816,1.7829281,0
-10.335376,0.8785369,0
33.329716,7.7318244,0
-23.570929,-24.210114,0
61.098568,21.112823,0
-19.060383,9.788662,0
10.558138,-32.53949,0
12.354835,-60.943504,0
8.289271,0.98825234,0
-16.104753,-40.10162,0
25.742558,49.280476,2
-0.9238671,-11.063941,0
4.4769535,37.026005,2
6.365425,-2.4029074,0
-3.3952687,17.818064,0
24.971403,-31.265804,0
-20.942497,7.307882,0
15.984837,45.43092,2
35.70036,11.66826,0
-5.839852,-62.80613,0
-53.91494,27.676386,2
16.224066,-45.960712,0
-16.95332,26.438494,0
68.17843,17.058699,2
18.40337,-29.95346,0
-16.717875,-40.644936,0
25.792788,53.082573,2
-39.4392,-52.333977,0
-12.922384,-12.383432,0
-14.403346,46.09055,2
18.23237,-46.336613,0
37.503086,49.719074,2
37.533543,49.72731,2
40.484024,-8.999005,0
-21.008959,24.786634,0
65.940674,18.83673,0
-51.49967,7.047211,0
43.742165,-9.421496,0
-48.91283,6.511266,0
43.974003,-9.11557,0
-8.581265,4.9730883,0
42.438793,-7.818735,0
-4.1474648,51.9303,2
-35.434654,-59.93697,0
-10.191844,-20.020514,0
30.04393,16.204098,0
8.515391,35.61607,2
-16.955997,49.15664,2
-4.7566314,-33.59712,0
-42.083515,7.6432533,0
-6.552305,-60.508244,0
-3.7894156,19.356197,0
28.69306,12.104891,0
-21.459032,60.661625,2
-9.603789,-23.41441,0
18.722006,47.08946,2
0.5187246,-24.979858,0
-20.033707,-76.2453,0
35.557983,-36.582397,0
-27.984966,-5.4791217,0
38.148792,-2.1028664,0
-8.786307,-18.815056,0
-6.052704,-25.603321,0
-21.999214,-34.08455,0
40.843864,-27.631422,0
10.847001,-29.873009,0
-19.096283,74.03491,2
-18.875467,26.042427,0
-20.480707,-76.59268,0
57.88799,24.270342,0
-20.36122,-77.29809,0
-9.487031,-21.423521,0
-10.782928,2.1759806,0
-35.20661,-61.672413,0
31.777702,-22.380589,0
33.116337,39.66962,2
9.431566,-52.36651,0
-8.770761,20.732508,0
23.778585,-17.638672,0
-1.4420296,56.437027,2
5.784742,-2.1070788,0
36.339478,44.088108,2
-6.776099,-61.36594,0
-53.90877,-28.315565,0
42.74659,-25.158054,0
-0.19889021,51.74231,2
-17.765444,52.74836,2
-19.965277,-76.91861,0
-1.7363974,-11.831793,0
-4.924065,-33.761963,0
-21.954653,-72.662155,0
-22.131332,-74.491714,0
-49.47217,32.097103,2
33.409214,40.07366,2
-21.529732,61.137928,2
-21.44593,67.267136,2
-19.974756,60.01615,2
-53.856865,6.8963337,0
-7.5419927,-15.521752,0
-7.5250297,-60.479202,0
-10.051556,4.596515,0
6.4388905,-48.372414,0
-19.312017,56.16478,2
-16.969954,61.522,2
3.5561788,-30.978758,0
22.310678,-51.38138,0
-2.1843853,19.16073,2
-59.631832,0.69943696,0
36.042145,-10.299532,0
-35.11532,-59.538586,0
43.65201,-3.4596198,0
3.860869,36.92861,2
40.943672,-3.7226102,0
22.346136,48.82751,2
-28.729399,-15.511561,0
-7.20378,-28.1399,0
-12.207774,72.94409,2
18.24814,-48.946297,0
-32.970375,-61.2346,0
-30.905785,14.271256,0
-20.364813,70.93739,2
44.135017,-7.37131,0
-30.222069,14.522349,0
39.953323,-5.748746,0
-39.326088,-47.329987,0
-28.832804,-11.731777,0
-0.95192796,42.0729,2
25.201616,-25.413313,0
-1.012336,4.1734996,0
13.399557,-60.970634,0
-0.28609517,-20.414053,0
-12.396028,-5.809427,0
-2.7297177,42.017754,2
0.81023735,12.553947,0
28.925108,8.159625,0
-3.9627042,42.324055,2
41.847336,-26.973492,0
58.117123,24.042292,0
0.08333213,-2.725904,0
-35.76045,-60.34606,0
6.4447217,-66.42667,0
22.369677,48.774475,2
-2.2004414,-64.13562,0
-2.2382321,17.042358,0
36.058823,44.207386,2
-16.044645,-38.075813,0
-24.720915,-23.292437,0
-61.07189,-9.372467,0
7.6902857,-65.46378,0
33.13849,3.3124573,0
-52.72506,28.720686,2
-34.336304,-58.133972,0
-16.580465,48.48627,2
25.844486,-25.675455,0
-0.61203355,7.898685,0
34.954647,-28.933565,0
-39.772003,-49.652874,0
5.6689196,-44.443142,0
34.656334,6.6736765,0
39.400646,-20.218739,0
38.873356,9.380631,0
-6.8969417,-27.692991,0
69.03003,17.299871,0
-25.002419,-25.777802,0
22.72987,-50.626957,0
-1.572314,-17.125948,0
-19.083614,-39.412045,0
60.264545,20.78122,0
-17.77654,-39.527954,0
-26.610285,-24.5974,0
6.537698,4.6487603,0
0.37813386,39.235474,2
71.51276,16.225569,0
2.6144814,3.7910364,0
43.46212,-16.65333,0
-4.476746,-34.923107,0
21.740698,35.69489,2
-11.977158,-12.53366,0
24.502905,49.90403,2
-28.91506,-13.128326,0
-4.7456923,-7.8350515,0
6.663971,-47.467995,0
17.401325,-41.343197,0
-42.73143,5.8035502,0
2.5477257,-11.81395,0
20.890417,35.809975,2
-12.198755,78.45595,2
19.821882,-47.98501,0
8.49717,-52.3491,0
-10.457278,-58.183197,0
-12.721431,78.14758,2
3.446667,-12.226372,0
-6.6529064,-15.826898,0
27.358217,58.98274,2
-58.67263,-22.641418,0
42.392124,-25.740671,0
-5.8807178,-30.389051,0
-51.133877,8.4359045,0
19.370398,-36.341824,0
-46.23018,38.60225,2
44.470234,-16.41671,0
18.897884,54.68346,2
1.4588794,38.240524,2
-62.21951,-7.22958,0
27.787548,56.29087,2
0.6206542,-4.1826744,0
-41.14958,-45.811913,0
-7.9677334,24.099627,2
-7.2876725,54.22912,2
-18.702972,73.885796,2
-12.607169,-50.651203,0
32.370853,-41.192745,0
-18.735764,74.452774,2
-6.8282013,-54.72731,0
32.71973,-24.29466,0
39.80312,-29.899979,0
16.889,-27.438923,0
8.84543,48.61657,2
-13.36961,-50.380642,0
-16.020344,48.076298,2
-3.7549584,20.919464,0
39.11319,-18.94021,0
-28.185383,18.289204,0
-6.892058,-17.815166,0
41.04401,-15.477118,0
-3.268032,-18.027826,0
-26.179668,20.28781,0
-8.344027,-4.2329717,0
28.89991,12.254672,0
15.93415,-3.4143872,0
-1.5228437,-2.0198505,0
-11.487595,-5.443762,0
-6.745493,80.11978,2
37.329586,51.712692,2
-53.86477,5.6647053,0
3.3122928,-30.152935,0
-22.226984,-32.278217,0
-15.021001,63.634323,2
16.505087,-25.309778,0
-11.832521,-13.511811,0
-1.1417861,-41.815014,0
12.059342,-62.20306,0
-5.8849497,-15.077623,0
35.301937,12.090699,0
31.038548,9.542488,0
-46.43242,37.890415,2
27.080984,-26.529722,0
-2.4981134,-23.046333,0
-3.782018,-12.890533,0
35.440216,-6.1773987,0
24.485037,49.922382,2
60.826576,21.801638,0
-8.370501,-12.374279,0
8.260062,36.003216,2
-20.428808,70.93667,2
-12.950674,77.406784,2
6.8422637,-48.623524,0
-50.334282,38.315742,2
1.4364756,-63.15141,0
-62.88418,-7.1137114,0
41.877827,-20.491129,0
32.52055,-10.884415,0
-31.424377,13.877032,0
10.38134,-23.996454,0
-42.112865,6.111627,0
-53.013153,7.562875,0
37.054447,-26.861164,0
12.862238,-3.8664472,0
19.720407,-35.891106,0
37.54901,-0.44806537,0
1.8562684,13.062347,0
-9.1048565,10.964285,0
61.67105,22.014158,0
35.681362,-36.731934,0
39.91417,57.19929,2
-28.071028,-8.363146,0
4.133519,-12.051632,0
66.85748,18.684074,0
30.16076,8.631034,0
-9.05848,12.085813,0
-3.136611,17.408754,0
-9.129134,11.395405,0
0.6813813,-11.078935,0
7.0352607,-0.47897217,0
-54.20978,-28.41119,0
5.800683,8.084303,0
4.617871,0.04155569,0
-3.3138704,-34.203293,0
20.063015,35.564224,2
32.487717,14.114672,0
-59.90046,-20.928862,0
27.295073,-15.516648,0
28.703808,12.808653,0
-53.71691,29.673811,2
-60.534695,-17.26744,0
-23.559172,-71.212425,0
-47.194225,39.713783,2
-15.901707,27.038816,0
6.624736,6.7616577,0
-40.417187,4.8108573,0
24.488997,-20.509916,0
36.611843,0.7660267,0
-63.645466,-9.546823,0
15.482831,-4.0138574,0
8.783367,-54.692696,0
-7.279746,-58.11801,0
-2.1437767,-32.277683,0
33.792397,-10.953942,0
30.512627,-11.257459,0
18.803068,-34.379925,0
62.785908,20.040634,0
-28.5847,-14.701039,0
-7.3239393,51.99116,2
-40.22605,3.1948009,0
38.202774,-26.695763,0
-10.867535,27.823748,2
41.924526,-27.482697,0
-47.701492,40.604668,2
1.9770498,-61.15018,0
-39.37617,-49.02982,0
30.575684,-7.3962593,0
-6.5416064,-60.49416,0
-8.34214,21.798954,0
2.2233832,-44.347355,0
19.0907,-34.859764,0
17.388412,-41.37882,0
-5.000427,-13.507284,0
42.486706,-27.069399,0
-9.530709,13.542488,0
20.411963,-45.150414,0
-41.818043,7.2783957,0
-63.052574,-0.39442965,0
15.990213,-40.194386,0
31.034462,-40.651077,0
34.09679,-11.96889,0
-2.3880513,-65.62085,0
-18.91221,9.725912,0
-0.5301449,-65.04458,0
39.300926,55.511837,2
-35.853794,-58.470547,0
10.261154,-4.7299714,0
6.948802,-48.398445,0
44.445797,-15.570602,0
-8.124076,21.35971,0
33.079144,4.149069,0
-9.594304,-24.271,0
-13.1851635,-50.235954,0
-32.105843,-61.080894,0
-60.915226,0.27087986,0
-25.436325,-0.67954314,0
6.7734656,-35.561184,0
9.201681,-6.358821,0
2.6171966,37.320724,2
-40.32764,4.474513,0
-0.6906202,4.5726824,0
-16.89957,61.383713,2
-22.009172,-72.73708,0
-9.064992,13.4504,0
-7.9915895,14.850206,0
-51.18332,31.079475,2
-12.233916,17.631495,0
30.992132,-14.080417,0
-46.812683,38.488754,2
-12.730756,-13.407859,0
-7.945932,19.269667,0
-0.39818183,-11.548079,0
-44.376423,-39.778908,0
-21.2601,60.729515,2
-13.495486,17.220642,0
18.553,-46.025562,0
-23.424337,23.579136,0
-26.904299,20.687551,0
-4.34574,7.505428,0
-12.1743,78.40702,2
16.685759,-41.54774,0
40.60279,-27.147472,0
-21.39651,25.175611,0
-3.8628862,55.10895,2
1.5455209,-31.386232,0
-20.799932,25.304457,0
-10.430017,-8.645536,0
-53.478874,28.309591,2
14.113994,-26.750137,0
-7.4219713,79.753815,2
7.2351723,-65.54352,0
-10.844317,-9.092909,0
0.8414877,-20.606373,0
-27.730164,-20.374422,0
-49.807755,8.226005,0
3.248896,-33.81309,0
35.63226,43.423454,2
26.082457,-26.257076,0
22.481354,49.340775,2
3.0150707,4.285689,0
-9.6535225,53.22486,2
12.288069,35.48678,2
19.041569,-0.78222585,0
38.748413,-8.951641,0
35.142235,9.623395,0
20.402615,36.06755,2
-2.8686838,-8.09215,0
-8.129037,-13.15304,0
6.199614,-2.2248561,0
-9.934772,-9.133939,0
-13.836219,27.13537,0
20.300138,58.82061,2
7.483725,-6.412206,0
-25.081137,-0.17049992,0
-9.015249,-3.4850185,0
-58.363514,-21.038395,0
29.606098,60.012074,2
-17.626293,26.094387,0
-38.887646,-51.89551,0
33.57521,-8.647266,0
-51.234226,6.746053,0
30.265154,-38.060043,0
24.341394,0.93924356,0
33.969124,13.643696,0
5.8802776,-49.120842,0
-23.285858,-70.762924,0
6.251534,-53.50237,0
-35.638935,-60.182903,0
-20.306215,-40.71312,0
35.42214,-28.260435,0
-41.585705,6.874039,0
42.429882,-25.524956,0
4.5451694,51.784145,2
-35.300278,-56.89784,0
-43.40619,6.7935147,0
-7.894978,-4.212727,0
-31.570393,13.926996,0
-8.042069,-23.479923,0
-9.626974,-58.387074,0
-3.4805026,-26.363945,0
-16.39238,15.594936,0
-11.766823,45.708454,2
-18.952589,-40.16365,0
-25.310324,-26.140852,0
14.691498,-24.15866,0
-26.549116,-8.171576,0
12.667275,-61.714203,0
-37.179176,-47.526226,0
3.6010404,-31.185146,0
-21.828964,65.81322,2
25.966148,52.85192,2
1.2741371,-26.843502,0
-27.317776,-20.88926,0
43.42113,-2.0122318,0
31.538532,-10.557196,0
-21.379305,25.159767,0
-17.368904,50.385994,2
-40.93565,-46.896946,0
30.305708,-11.284841,0
38.430576,-1.8004493,0
-20.349417,-76.47683,0
-23.293478,6.6660547,0
6.9883847,-34.652767,0
2.8183193,37.717243,2
34.34338,-13.070789,0
-51.962883,30.088326,2
12.370862,-59.757587,0
2.906859,-33.278095,0
-23.74881,-71.482124,0
-16.100311,-7.5148168,0
7.609507,47.05225,2
24.306566,-20.54314,0
-14.078825,27.409542,0
-25.177845,-25.976864,0
9.0593405,47.01068,2
-46.545998,-37.432526,0
7.02805,-52.59853,0
71.4979,16.259634,0
-35.772896,-58.394096,0
-9.315919,-21.285025,0
24.240644,-30.796465,0
-59.546295,-20.43502,0
-1.8974531,0.23286647,0
29.138315,59.82916,2
-14.67717,70.0979,2
-8.985065,-59.216885,0
-47.106915,40.29304,2
-13.476625,27.261063,0
-9.702602,-18.850685,0
-1.2897162,45.032406,2
38.078495,52.363434,2
34.84772,3.7176597,0
-1.485739,-44.53491,0
2.9309928,47.173058,2
-23.005415,23.7593,0
6.970252,48.02882,2
18.373684,47.746937,2
-10.523809,53.821518,2
30.15368,52.675907,2
-1.7822682,44.54502,2
38.15888,-26.199598,0
38.99573,-2.312645,0
41.40251,0.8073545,0
-48.22071,33.604652,2
2.2875342,49.67431,2
-27.920927,-15.111187,0
33.57744,-14.488166,0
1.7677323,12.918264,0
-15.50886,14.70627,0
39.038708,54.864777,2
25.111143,-17.549805,0
-2.0314043,-34.039803,0
-25.424131,-2.7184944,0
-23.493647,-72.682365,0
-50.068188,6.7960396,0
33.203915,-35.170357,0
-11.755891,77.67694,2
-2.3368318,-5.263007,0
35.414032,42.934963,2
9.272033,46.55284,2
-8.236113,-59.855667,0
-42.444595,6.657028,0
-60.776367,-9.602388,0
33.580063,41.396744,2
-13.217964,0.5908753,0
-13.42646,-8.107973,0
27.72073,9.906635,0
35.38717,-27.24088,0
7.7781296,-53.908512,0
-13.489235,-50.95721,0
-8.094061,51.85437,2
26.358824,-16.26848,0
15.812555,35.96743,2
-17.66951,52.086975,2
35.867916,-29.48768,0
-3.445026,-32.166103,0
23.306042,-32.010517,0
-28.87196,-14.768467,0
12.352925,-62.421383,0
32.49322,-41.888,0
-7.40069,-18.504684,0
-26.898174,-2.8763404,0
14.236774,-4.910801,0
-25.133263,4.633105,0
62.600536,20.906069,0
7.6655316,36.266445,2
-30.257444,-9.737677,0
-7.0679946,12.886175,0
-19.564102,73.69516,2
16.408827,-40.67886,0
-12.984585,-6.5288863,0
-19.66589,59.181267,2
-12.638858,-50.67233,0
-20.724403,57.66639,2
25.02827,52.0767,2
39.676968,-20.259977,0
-63.8398,-10.506408,0
-53.81662,29.867937,2
-52.578983,-27.723318,0
2.9428384,37.97024,2
27.991455,59.33496,2
-23.42495,-70.99662,0
33.064995,-23.010792,0
30.823452,37.79486,2
-1.4316273,40.556698,2
60.775932,20.28496,0
31.34917,15.099736,0
-2.4531958,-11.627871,0
-22.868366,-73.88812,0
60.18868,20.281109,0
18.631708,-27.535105,0
-1.9196327,18.92759,0
38.288864,1.3084652,0
28.188992,16.953054,0
-46.51538,-36.339237,0
23.611414,-18.14139,0
-21.222923,24.999834,0
14.190848,-9.474676,0
17.22042,35.884396,2
-7.7031345,-26.008274,0
-26.142601,-9.622344,0
-3.9739976,55.434525,2
37.915047,-1.9428171,0
27.741955,-14.64354,0
-27.110203,-12.25487,0
-28.54476,-15.42603,0
-19.391335,72.57185,2
-16.993383,49.11214,2
-60.625984,1.9143125,0
-0.9073938,-65.45526,0
-7.5043135,-4.5314374,0
2.3579192,47.112774,2
-23.728428,2.7842624,0
9.835362,-33.061092,0
-30.99848,14.90461,0
-20.82305,-32.88114,0
37.777523,5.1831403,0
11.946146,-30.732697,0
20.626318,-44.18466,0
12.110899,-62.166622,0
-39.152893,-52.098824,0
37.491062,-26.731455,0
-14.253525,-46.369213,0
-40.326927,-48.201115,0
18.316746,47.094128,2
-46.063694,39.290146,2
-23.05266,-31.010605,0
32.29369,-4.105416,0
-13.958532,4.860485,0
11.98208,-23.069345,0
24.740875,-29.682383,0
-21.307112,-31.452814,0
-16.526062,49.55239,2
7.843779,-35.670383,0
10.993917,-30.879635,0
32.768322,39.816936,2
-5.412753,-28.411507,0
-2.251342,-11.952235,0
-25.329697,-27.350597,0
-59.136463,-21.905584,0
1.8025312,8.467202,0
-10.503067,19.580673,0
32.097313,-36.042343,0
-57.29372,-21.104439,0
3.4963315,0.07153068,0
35.324883,-37.163387,0
-59.08889,-17.085304,0
-46.50198,-36.320606,0
-6.430421,80.29291,2
-62.788326,-9.410339,0
-60.727028,-0.78809214,0
-53.108047,29.035923,2
-29.790575,13.731418,0
-25.801928,2.534359,0
-21.278744,8.550055,0
37.815205,52.32523,2
8.252263,-7.4025664,0
6.391215,36.24193,2
27.167692,7.514272,0
33.46034,-39.7271,0
14.989164,-5.2663317,0
25.620943,12.596308,0
35.246605,-37.370308,0
-11.265464,-14.755671,0
22.51518,54.726807,2
-45.341656,-38.933693,0
-48.519775,33.683655,2
17.209873,35.91654,2
-14.442891,45.98385,2
25.137339,-25.82505,0
32.439075,-4.766079,0
-13.896959,77.775925,2
-25.424025,1.6567742,0
-20.994284,-31.236534,0
-24.474798,-23.159117,0
13.331191,-61.045135,0
30.01997,53.416702,2
-20.53549,57.88538,2
35.981102,44.786354,2
72.32256,16.039274,2
33.071465,-11.122128,0
-41.588898,-46.092365,0
-18.819675,-41.585304,0
-29.268429,-18.006962,0
-24.406368,-25.09108,0
-8.95673,-22.827854,0
-46.242672,39.841576,2
18.803968,46.913883,2
33.115746,-25.92551,0
37.873226,9.827243,0
26.106682,5.5822606,0
-1.8998348,-18.553816,0
-7.23134,52.053093,2
67.362144,17.130835,0
0.39293143,-27.97789,0
36.255222,1.7257183,0
38.051796,9.301908,0
17.65383,-40.74765,0
-21.09916,-32.231354,0
57.37531,23.962944,0
-18.25127,74.41211,2
20.859243,36.05246,2
-11.430103,54.22839,2
43.862488,-7.5301557,0
36.28367,-28.659945,0
43.713287,-16.0033,0
-2.1710706,-62.556213,0
42.159374,2.822453,0
-24.882486,2.6126108,0
-54.804607,-25.677532,0
42.133064,-22.335512,0
-8.594731,-55.218216,0
-0.9871819,-34.009377,0
-21.482752,61.62656,2
8.780967,-11.483193,0
37.131752,48.29837,2
32.442745,-4.7040234,0
1.0176027,13.168326,0
12.054907,36.464012,2
35.065193,43.55266,2
-45.523373,-37.610252,0
-16.571524,48.496037,2
8.483944,8.7001915,0
3.884226,3.900879,0
62.414097,20.13738,0
33.49449,-10.665516,0
2.305936,52.99339,2
-21.904085,-74.09249,0
71.84496,16.081259,2
-5.5465064,8.158843,0
13.05205,-22.944086,0
-60.51279,-19.48105,0
-51.712173,7.335603,0
-55.279877,28.178905,2
-35.268707,-57.889606,0
2.3282585,-10.900549,0
24.851032,-28.225544,0
-8.4518585,13.835333,0
31.143795,-38.48843,0
-1.0386597,4.366661,0
1.5621897,-5.5179596,0
-27.546146,-2.78024,0
-4.156125,-12.745222,0
39.160027,-31.272196,0
-63.79857,-9.582116,0
-7.646671,-19.603441,0
68.311295,17.733759,0
-58.935616,-21.568775,0
0.6904366,-64.067276,0
62.50125,21.447802,0
-41.8268,5.669009,0
18.27568,-46.289585,0
-58.95178,-16.883677,0
-45.101612,-40.17104,0
3.5740485,-29.912,0
-3.2662084,-25.734913,0
33.669083,-14.262693,0
3.2910845,-48.148376,0
20.074757,-35.96164,0
22.591103,-50.17357,0
15.019729,-26.305912,0
21.05322,52.020504,2
-27.356333,-5.7710075,0
-13.089717,73.200386,2
8.814368,48.84432,2
-8.915515,10.86887,0
-8.459786,-8.298996,0
-60.831078,-2.3728642,0
16.383223,-41.76862,0
30.521868,15.864629,0
-22.18992,7.7157946,0
33.594917,-39.48094,0
-18.672344,12.474996,0
-36.04,-60.792564,0
-10.002087,78.99939,2
25.033857,-24.49232,0
-44.231483,-39.671516,0
7.0817304,-48.091698,0
10.400264,-30.606907,0
-39.87864,-47.7321,0
-13.057905,-0.077150896,0
20.087355,35.43632,2
-28.923952,-8.239735,0
-14.531563,-0.7786411,0
-15.955603,75.79202,2
30.974077,-37.317474,0
-24.073889,-27.296675,0
29.718699,52.95442,2
37.08837,7.8983927,0
-1.2228733,44.771282,2
7.095503,-2.8044913,0
57.984325,20.281868,0
18.15996,47.435616,2
-12.854428,45.128822,2
8.977658,47.244328,2
-12.431708,45.571865,2
9.160323,-50.238457,0
-10.496046,-18.197237,0
-28.742767,-18.47633,0
-33.51115,9.744062,0
42.111355,0.71538025,0
3.372654,-12.048798,0
-9.77349,4.1993074,0
-0.647581,-41.297386,0
21.919874,53.719734,2
7.495759,-65.86034,0
-27.14755,-3.7396755,0
-52.548477,-27.709703,0
-8.975326,79.630486,2
-4.7850833,-35.10296,0
-23.51652,23.187813,0
-12.585962,-12.634686,0
18.964455,1.0428668,0
-34.240784,-62.29281,0
5.0883756,-0.8634989,0
-53.98195,-26.298195,0
-13.384816,27.102015,0
32.908096,15.028538,0
20.645073,48.093636,2
-38.834225,-51.85396,0
-28.9473,18.42526,0
-21.29492,-33.427113,0
-6.1764655,-30.641188,0
-2.927474,-32.053837,0
-9.622307,13.59485,0
39.685017,-27.64995,0
21.620049,48.08749,2
7.174886,-66.53441,0
-3.26688,20.181889,0
-8.61667,-3.8831413,0
26.079712,35.626133,2
11.969953,-60.792156,0
-6.5209236,-60.462513,0
-48.666462,33.741657,2
-6.9148135,-57.052784,0
41.966125,-27.327261,0
43.20742,-3.76108,0
-12.199702,-11.483011,0
33.672596,-41.085754,0
-46.85615,40.323578,2
-15.22229,57.099113,2
0.0777318,-11.225688,0
-16.961391,61.884182,2
18.015902,-33.48623,0
8.820126,-54.6557,0
-15.040961,57.078953,2
19.660984,-1.0199581,0
38.651638,9.257513,0
-60.895634,-16.14021,0
-25.945635,2.6393592,0
15.250233,36.646763,2
32.988026,10.802665,0
34.28772,40.879578,2
31.6253,-38.770126,0
42.73853,0.55663073,0
12.175772,-59.911858,0
-29.693438,-13.150134,0
30.037598,-15.658524,0
15.733256,-39.663223,0
4.2480845,-49.16157,0
-38.545486,-51.611637,0
-11.06094,27.368551,2
31.463955,-17.858946,0
-7.187433,18.406996,0
3.2876103,3.3048897,0
-6.425344,42.262135,2
26.318228,50.550724,2
-5.7062583,42.35408,2
31.00165,8.128369,0
20.152073,-33.129604,0
-8.686401,6.9445486,0
-9.451472,-10.062176,0
43.882557,-14.785134,0
-13.8220825,-0.59709287,0
37.5032,1.9979879,0
21.906311,-50.526524,0
-40.67495,3.67511,0
15.322168,-28.138344,0
-12.760562,-47.410072,0
-60.073616,-18.873024,0
-51.67938,35.86311,2
-17.153152,48.86791,2
-7.9704785,-55.490917,0
-39.854145,-51.371494,0
32.052326,55.034607,2
-10.69981,-13.681136,0
2.4759173,-32.01974,0
-15.658592,70.67027,2
3.8262694,-45.23547,0
-53.925655,6.1343107,0
34.206787,-36.135586,0
22.520203,-0.7174244,0
33.596012,10.109323,0
8.311142,5.102959,0
18.698408,-45.90544,0
-33.952557,-62.051277,0
-62.59786,-0.43524083,0
-30.527,-12.812344,0
33.280926,-7.8388324,0
-9.712176,9.072138,0
4.0030117,-47.933247,0
-33.647217,11.007282,0
-18.592958,-39.12119,0
39.560253,-14.771414,0
-8.809296,-0.4395008,0
0.4123823,-26.487413,0
-14.673899,-39.464657,0
-15.638125,14.83615,0
5.1992707,-32.107975,0
-41.529068,6.7820845,0
-53.129635,7.873646,0
28.056458,36.213398,2
-16.79338,61.25534,2
-47.32905,38.42462,2
12.505535,36.84424,2
35.151558,12.172304,0
9.699908,-32.852493,0
43.520386,-14.242289,0
24.672314,50.73871,2
1.6010755,-1.0325577,0
-49.742317,8.1280985,0
-9.233858,-18.533072,0
20.861458,-46.04103,0
5.9955697,-66.62391,0
-13.833618,1.304102,0
4.418259,52.124954,2
21.24732,-32.175797,0
21.848661,-32.807343,0
20.198097,58.951466,2
-46.088737,-35.876633,0
-25.064106,-24.950912,0
2.8937562,46.910736,2
-36.95817,-57.894894,0
-61.2957,-8.870328,0
-2.478861,50.450703,2
29.120028,36.2144,2
-4.79719,-32.48091,0
18.981691,-46.448456,0
28.486528,13.243078,0
-2.5153148,-62.98759,0
-8.402975,-0.081031784,0
-11.240125,-8.267391,0
-7.9439497,-3.9972646,0
38.559635,0.46403483,0
30.29989,-36.72809,0
-13.76099,1.311352,0
-32.75559,11.375126,0
-54.619656,27.474148,2
-0.11701948,40.145824,2
35.967216,-30.777588,0
22.310062,-51.3821,0
13.205602,-8.94876,0
-15.582468,57.630363,2
-46.795643,37.815598,2
-51.297066,37.620594,2
61.490856,22.453743,0
38.55461,-21.026207,0
-61.479126,-18.56557,0
17.111229,-39.384033,0
-16.268835,48.806503,2
20.897156,35.704575,2
5.861407,-4.072938,0
-4.2652884,-36.11521,0
11.516375,36.04483,2
19.929798,-36.947678,0
3.1028411,-31.527561,0
13.78324,-25.09559,0
13.128828,-7.5054426,0
-6.9360948,-30.637436,0
59.543346,22.894836,0
-54.60379,28.438255,2
-39.84807,-51.36662,0
33.573246,-33.801735,0
42.264393,2.2674491,0
8.329465,1.4531507,0
2.2882764,38.234936,2
-62.556995,0.5899555,0
-4.263124,-7.6032343,0
32.59412,-16.966341,0
7.6282554,-66.336044,0
4.3670974,-48.847313,0
35.68432,45.100838,2
-2.6134846,-33.759,0
-47.5805,40.210842,2
-60.186424,0.11571139,0
-39.45502,-46.139637,0
15.482924,-8.348245,0
-20.54394,70.930466,2
-24.424261,-27.47525,0
32.401016,55.551537,2
-60.928387,1.9905527,0
-10.13898,27.467272,2
18.004929,56.650944,2
21.10541,54.69373,2
-20.994337,61.82033,2
-54.167194,-27.498878,0
-1.3690825,-43.41988,0
-25.84296,-0.14497916,0
16.34468,-40.7896,0
0.6716485,-6.1483216,0
38.28231,52.42387,2
-14.060458,4.6445055,0
8.268831,8.593811,2
-33.980362,9.958343,0
20.595833,-49.24557,0
-20.617823,70.37363,2
8.415676,-8.942226,0
29.140572,-14.28364,0
27.819529,12.490751,0
-3.9534888,-17.554405,0
-6.615063,-27.179117,0
-27.036667,-18.228058,0
25.591957,60.63579,2
24.098598,4.024177,0
-1.6589609,2.3825212,0
-30.621454,15.428476,0
33.932934,-31.651384,0
-53.357193,29.268152,2
-60.474422,1.8599575,0
25.207407,58.956043,2
-13.806724,26.552229,0
9.863711,9.490102,0
23.459394,49.53723,2
-13.074488,16.965687,0
34.56092,8.515801,0
-27.167799,6.22167,0
-25.180122,3.801716,0
22.228504,-31.491327,0
6.2871547,-48.3669,0
-11.124529,26.925524,2
11.509943,36.107777,2
-1.8535633,-65.45877,0
-21.012005,69.918396,2
-26.880648,-7.392156,0
30.529415,53.855335,2
39.816048,57.231617,2
-50.720837,33.050922,2
4.2170143,-47.156746,0
10.768016,-5.3674407,0
-1.1633476,-65.66541,0
-29.389265,-13.918948,0
16.210917,46.09683,2
2.5883641,49.421886,2
37.162148,49.59498,2
3.690396,1.0939238,0
17.953218,50.09394,2
11.048882,-23.50176,0
43.353065,-1.0691483,0
35.846092,43.389114,2
-11.754246,-48.94056,0
36.401566,47.69835,2
-20.918394,66.77049,2
-54.43904,6.297715,0
7.8347054,-65.87757,0
8.977893,35.68157,2
6.766122,-36.28462,0
28.056686,57.08321,2
-63.033104,-2.6188912,0
12.906512,-29.886341,0
33.343075,-22.470695,0
-27.65147,-18.942842,0
-21.652025,65.35361,2
-46.085094,-38.153275,0
-15.800017,62.436047,2
-43.63469,-40.46981,0
38.834618,-29.82963,0
-19.777786,9.652054,0
43.10172,-20.814302,0
-26.190973,21.223392,0
26.567316,35.61771,2
-13.630024,45.092804,2
43.61399,-10.488731,0
-63.87658,-8.533121,0
11.56951,-6.5968795,0
2.3898458,50.119984,2
-2.4433835,8.555992,0
6.6495886,-65.85503,0
-10.428195,27.710112,2
9.5741005,35.662605,2
-25.127762,3.2128196,0
41.147312,-28.491255,0
41.861584,-27.734413,0
18.934885,58.67233,2
31.218267,9.3014,0
-24.030018,5.904936,0
38.885212,-26.811548,0
9.0670395,-11.0455885,0
-1.3974109,-62.650047,0
31.646883,15.569335,0
0.7727124,-43.29505,0
-0.16123126,39.698715,2
36.82334,1.3359872,0
-8.994365,5.6955667,0
68.7578,17.790073,0
15.240551,-40.392452,0
-8.891141,79.473755,2
25.016752,48.614483,2
-18.997223,26.05409,0
-53.783604,7.740139,0
-8.92358,-56.681587,0
-52.92169,-27.880445,0
-13.986313,-46.217922,0
-9.289329,15.057544,0
-27.741943,-2.9075992,0
-18.543858,-39.098785,0
33.653538,-39.376976,0
-62.076607,-17.72165,0
39.25043,56.34364,2
42.548912,-26.744137,0
-61.09395,1.2637336,0
-8.7606125,24.033585,0
3.925501,0.22222973,0
-37.6448,-50.694733,0
-15.94457,14.577087,0
-53.914772,28.770332,2
-61.820545,1.3983238,0
-44.629055,-36.402317,0
-37.190292,-58.0725,0
-55.185566,-27.994535,0
19.617445,35.422523,2
-41.10598,7.5160327,0
33.011143,-35.013943,0
-20.232864,8.883638,0
-33.839596,-62.997456,0
-9.869349,-45.783585,0
-9.9613495,53.580593,2
-22.062164,-34.140907,0
34.494328,13.367055,0
6.878502,-32.65386,0
33.2416,-33.18823,0
24.70464,-30.081566,0
-15.656985,15.804315,0
28.970823,-14.477134,0
-15.22178,71.21801,2
-49.759945,33.434162,2
7.814423,-53.879616,0
-26.649532,-0.27855173,0
-14.429992,-46.483078,0
-16.14688,47.933437,2
36.14386,44.171078,2
-16.129375,62.343773,2
-6.058943,-35.334675,0
33.511143,1.7369652,0
11.751839,-23.819353,0
-9.096506,-59.549934,0
-9.979455,-46.748314,0
12.965465,-28.17162,0
31.72011,-9.422699,0
32.900745,-24.779556,0
-63.22928,-2.6007946,0
-46.44885,38.555386,2
-19.331438,74.10294,2
31.4575,-40.7696,0
4.5670404,-31.081936,0
29.20977,-38.44091,0
1.6775789,-21.469091,0
44.678856,-15.374498,0
-25.435123,-24.423717,0
-25.410406,-26.283468,0
-26.203156,-26.02213,0
-17.089365,75.818985,2
-51.658756,37.271774,2
25.428425,48.860218,2
24.962885,58.934513,2
-57.6777,-21.613914,0
-9.520882,-56.32768,0
-22.823694,24.139833,0
37.86144,0.4581992,0
7.3514447,-66.86431,0
34.47542,8.822179,0
14.370221,-59.945812,0
17.676102,-40.697273,0
29.368216,-38.058887,0
-48.55141,34.518013,2
33.320065,-33.656677,0
41.770645,1.3339723,0
-7.6512513,-3.9306097,0
15.895779,-44.77321,0
-3.9143915,-34.58585,0
15.79369,-2.4496315,0
-7.260242,80.1717,2
-6.329755,19.48169,0
-8.842484,-9.02012,0
-39.01175,-50.734486,0
20.958046,53.3482,2
6.9571137,-52.669575,0
-21.518387,61.610943,2
1.2616128,-44.80681,0
-14.130844,72.57998,2
9.499504,-25.142286,0
-2.6574802,-33.1062,0
27.315159,16.072166,0
31.699253,-13.371371,0
-17.459135,-6.565583,0
33.00074,-34.403576,0
-21.321308,9.989703,0
-6.673293,53.15001,2
28.718073,15.950984,0
-10.131351,-18.600521,0
-45.501476,-37.587322,0
-50.471508,7.382126,0
-23.320738,-31.377384,0
70.643845,16.666853,0
-23.856392,-73.18241,0
-14.290055,-6.396142,0
60.22566,20.703682,0
5.9622493,-2.2681797,0
-29.926952,16.540285,0
-25.023066,22.177513,0
-39.360634,-52.2659,0
11.144626,-5.7550144,0
67.8279,17.698647,0
-63.09912,-2.6124094,0
-30.945292,14.884134,0
-25.92515,-24.825108,0
39.809887,56.497635,2
39.50609,-26.56471,0
-61.845276,-8.110236,0
3.9372406,52.59199,2
33.791534,40.45674,2
42.825558,1.168918,0
-31.104954,14.948101,0
25.518396,12.58221,0
43.71,-0.93627065,0
-60.336987,-15.216977,0
-8.613383,24.168566,0
24.332186,3.8079796,0
-11.533716,-48.726597,0
41.842735,-3.6718075,0
-22.36661,-30.573315,0
-1.9146132,-11.278201,0
26.045464,14.660508,0
29.758722,37.147964,2
-39.89317,-49.813694,0
43.96691,-15.647822,0
18.889805,-49.144535,0
2.2589343,-43.559967,0
22.194372,-31.576927,0
-43.213184,-38.51559,0
6.409423,4.5178814,0
61.176117,21.138422,0
-16.097595,-38.095314,0
12.886879,-62.02758,0
30.093801,-22.616302,0
-38.652794,-51.705112,0
-61.01092,-16.296892,0
-9.206698,-25.183456,0
36.822853,48.21281,2
-8.90461,-0.18460584,0
-21.417912,66.73058,2
29.230007,36.88304,2
-50.908012,32.069584,2
38.04846,-9.57733,0
68.17398,16.24625,0
26.184364,-20.424023,0
68.31719,16.62092,2
-0.557435,5.146747,0
10.000328,-63.172287,0
37.17044,-3.2331066,0
-35.61843,-60.15562,0
43.19599,-1.543791,0
18.810968,47.628433,2
31.590693,55.233063,2
13.164999,-3.1993244,0
-46.123325,-38.190308,0
-24.355255,-72.38474,0
33.194424,1.9572374,0
42.34689,-25.91023,0
-21.811617,24.456602,0
-17.239595,50.595604,2
-24.515633,-25.233572,0
-1.0179315,44.453682,2
-17.760798,-39.522507,0
-3.4622567,51.306885,2
-9.89511,-24.35163,0
-17.712656,53.455647,2
-32.55637,10.580178,0
-9.39139,19.880182,0
-64.01525,-10.537417,0
9.453681,46.548267,2
-48.09686,34.3731,2
-20.151695,58.242535,2
-12.20313,-47.147594,0
43.91512,-15.131541,0
-12.400326,16.906181,0
-39.46529,-52.352707,0
-10.485785,27.841873,2
-40.827236,-45.628387,0
17.601088,50.582283,2
-14.8005,-46.802547,0
20.98745,36.839787,2
35.516003,2.622638,0
21.49817,52.86298,2
34.173958,-10.803982,0
-62.78045,-2.6191182,0
72.57349,16.058159,2
6.9316583,4.781991,0
-24.383322,-25.060553,0
-18.639347,73.87197,2
12.42169,-28.702246,0
-33.855328,-63.01399,0
-29.332495,-11.896052,0
43.176826,-2.8215408,0
-17.042685,-39.985245,0
-26.690323,-0.8997591,0
-16.483568,-37.702972,0
44.09915,-7.806998,0
-2.9880648,51.16612,2
13.839826,-61.17148,0
29.610344,54.005325,2
-39.56403,-52.459473,0
-44.520027,7.021666,0
-7.407098,1.8253434,0
-29.288496,-15.973259,0
-2.6912801,53.574436,2
15.487237,-40.050705,0
39.64495,56.256382,2
-16.262333,58.864544,2
29.301174,36.807644,2
-0.28188398,-40.807663,0
-0.6622981,-41.313625,0
-1.3072592,-62.514126,0
6.05798,-50.44947,0
23.647089,-18.089722,0
42.74989,-7.5179567,0
-5.285331,9.41744,0
-12.134851,-13.31938,0
-34.588894,-62.608162,0
-49.980312,31.21104,2
-44.031418,-39.505795,0
39.17612,55.528126,2
4.24315,-30.639673,0
-1.311782,-41.972862,0
8.91297,46.811977,2
6.388667,36.23966,2
1.8304652,-61.867046,0
-17.973518,53.818607,2
-36.08474,-60.866066,0
33.141525,40.29362,2
36.32117,-30.676628,0
-19.48202,73.181854,2
59.153946,23.715162,0
-16.709694,60.68384,2
-0.8492799,7.524145,0
11.517046,36.038204,2
-2.8843737,-63.755135,0
58.45023,23.397497,0
-8.306641,0.4050881,0
21.774498,35.533195,2
0.7910685,7.413066,0
-12.758378,0.98488164,0
-13.447803,45.338547,2
-17.294355,50.492157,2
9.476661,-25.657333,0
26.212248,15.032812,0
7.158243,-65.666466,0
-54.817955,27.67135,2
15.628284,-4.636024,0
-13.51234,3.587806,0
42.282413,-22.537298,0
-0.91804147,-13.035223,0
-34.705284,-58.85421,0
-21.013569,25.520374,0
-34.429485,-60.740818,0
5.680331,7.262273,0
-3.5585158,53.098083,2
-5.2722588,-13.827287,0
3.1680665,36.99323,2
-53.935047,27.694345,2
-23.975842,-70.61292,0
-23.83696,6.4059596,0
12.889012,-23.667084,0
23.060427,57.702087,2
26.201468,5.503924,0
37.49626,3.5604558,0
-1.4127667,-44.036137,0
7.1077046,-65.76095,0
22.73747,35.725494,2
34.261673,-11.095535,0
-1.2387729,-23.997553,0
0.83348864,48.789875,2
12.446719,-9.012992,0
-25.710938,-1.2262167,0
2.9775407,2.4443688,0
-2.7464447,41.85608,2
-20.321692,25.373909,0
-12.299094,-47.186287,0
18.422297,-48.81624,0
5.9092107,-49.06442,0
-9.365978,-12.404052,0
-16.371792,61.718563,2
10.550534,-33.003117,0
25.890318,-27.459793,0
-11.137814,-9.145925,0
-0.39803922,-64.79078,0
31.80981,-6.9644275,0
43.85545,-2.9124422,0
-15.4819,71.28481,2
-37.894173,-50.978085,0
-15.78401,14.447111,0
0.73823303,12.852872,0
14.387026,-59.9274,0
-52.132835,7.9586077,0
9.673144,-53.8376,0
-54.370472,28.182037,2
-16.563147,69.509384,2
21.954227,-0.18345603,0
-14.25557,16.122551,0
-13.191854,26.729315,0
-7.398616,13.085258,0
-1.7418765,-3.0289254,0
-4.9352007,7.689604,0
8.514531,-64.822426,0
8.6177025,-7.249051,0
39.070045,-19.083624,0
-19.738214,-76.75939,0
68.94461,17.504478,0
34.47398,-39.007557,0
67.06398,18.26079,0
-3.197874,42.117542,2
25.378933,60.133484,2
-10.167717,-57.622974,0
2.415343,52.799976,2
39.90293,-28.934906,0
2.0229332,-44.503174,0
38.174767,-24.755964,0
-9.102475,-10.669245,0
-61.317448,-2.4389963,0
-43.78741,-39.24797,0
-14.026712,-48.29492,0
44.10387,-14.376979,0
11.942371,-60.82191,0
28.732183,-13.572182,0
30.264984,59.318916,2
-2.2081373,-33.529243,0
27.271645,15.983834,0
-13.634013,16.78619,0
37.21985,-0.39346445,0
-1.5856056,-44.873505,0
-62.946617,-6.3975983,0
-21.5304,8.593517,0
58.07389,23.478024,0
31.015768,-36.726913,0
-21.500536,-31.592022,0
-7.668243,9.083954,0
-61.293846,0.3718639,0
16.26055,-39.765903,0
-2.851165,-11.415413,0
2.1540363,38.007874,2
26.336395,13.210993,0
-61.392887,-1.6987913,0
-20.769522,59.747547,2
42.226345,-26.356085,0
-20.951399,68.906105,2
13.860295,-59.008602,0
-24.238358,-72.226494,0
24.299591,-19.139112,0
-8.564576,-25.992765,0
-0.12141678,40.588444,2
32.96361,-18.11293,0
-7.942567,52.244545,2
41.607967,-16.277365,0
27.987045,56.591934,2
42.877037,-7.7064366,0
31.218979,-9.448118,0
37.297794,5.4025965,0
18.135641,-29.94202,0
-25.149296,-27.849773,0
16.411747,-1.9292738,0
-31.374352,13.857559,0
-34.283756,-60.561832,0
-12.989458,16.89917,0
-9.136178,11.398537,0
36.913647,49.066586,2
30.685884,38.120777,2
-62.924305,-1.7095958,0
-8.770684,7.633286,0
40.359947,-14.495812,0
8.269092,-52.52586,0
61.651466,22.417723,0
-3.1088774,-8.213333,0
-17.144308,-41.009327,0
30.383396,-40.48491,0
-28.956402,18.427921,0
-16.133596,62.35828,2
-5.9735575,-28.191332,0
-31.572443,13.927627,0
-8.990347,-59.226604,0
-61.447407,-18.516962,0
9.204774,-33.249798,0
32.8201,-14.683044,0
-27.88867,-2.9828026,0
-43.932083,-40.72601,0
33.02471,57.868717,2
13.992926,-24.100294,0
-13.111776,-50.177467,0
-20.918612,69.911156,2
-14.6962185,70.018074,2
-8.270266,-55.82042,0
39.392574,55.505,2
28.838982,36.445786,2
-25.471025,4.0732756,0
-19.932661,-72.294846,0
-20.98459,69.91604,2
25.467136,-31.468857,0
-17.06455,13.737161,0
-11.461967,74.840775,2
21.277695,-50.560005,0
12.998203,-27.911285,0
9.532283,35.771305,2
34.499577,-3.885765,0
-12.968639,3.1728225,0
40.94985,-8.807368,0
-43.943317,-40.734505,0
6.6808615,-52.983448,0
-6.1898227,42.99957,2
-4.7871656,-34.471004,0
22.0968,53.158657,2
36.386906,7.8588023,0
-15.430807,71.08391,2
40.484993,-18.279095,0
21.029097,-51.373394,0
6.268044,-51.289845,0
-42.69114,-38.06432,0
11.455198,-62.97286,0
5.588261,-51.42725,0
-54.078045,27.843397,2
38.949604,-22.419647,0
-23.377356,-72.55067,0
-57.653744,-21.58558,0
7.4440923,-7.235303,0
-28.975866,-14.793238,0
1.4798601,51.708828,2
-23.564007,-72.76885,0
-13.90713,46.609325,2
10.724209,-7.9883604,0
-47.273758,39.703766,2
-27.15488,-19.966301,0
43.416336,-0.91806823,0
-33.71182,10.409065,0
72.85254,16.103996,0
-2.6874201,42.244312,2
-62.09475,-17.747454,0
20.895363,53.097046,2
33.6725,57.54172,2
26.040913,13.365219,0
-7.107655,13.028739,0
74.262215,16.532686,0
8.2051525,-6.7815075,0
-0.90193284,-43.11686,0
-2.1042726,-22.684238,0
-8.424074,6.8581963,0
-21.899576,-74.08481,0
13.278034,-60.043915,0
57.821766,23.791481,0
21.728155,-50.71588,0
35.572056,-4.17913,0
2.3287053,-44.255585,0
41.86957,-20.110209,0
-12.885869,-50.833607,0
65.42875,19.068577,0
-10.253353,19.071098,0
15.86832,-7.2251134,0
-39.290997,-50.935013,0
12.389495,-60.397396,0
10.682595,-61.90144,0
3.3590314,-30.110205,0
-35.48109,-59.9921,0
34.274292,11.567833,0
-9.244563,79.26653,2
11.188113,-23.26125,0
-15.487035,-38.296593,0
-15.945715,58.44793,2
-7.503186,-60.44499,0
25.567883,52.264103,2
32.7285,15.480878,0
-13.987943,-5.2619824,0
35.47286,11.934155,0
29.83185,-40.638515,0
44.425545,-6.6491904,0
44.05922,-16.609875,0
-23.220581,7.48916,0
32.6197,55.150887,2
30.750435,37.93316,2
-43.89157,-37.9257,0
42.673527,-9.413712,0
-20.02477,57.681664,2
30.728987,-38.24834,0
-54.002136,27.76751,2
-46.94605,37.798847,2
-24.338459,-72.36231,0
33.22403,1.8040944,0
28.100294,36.177185,2
-10.328916,53.49724,2
-4.7379746,20.903425,0
-40.077003,5.692252,0
69.07634,17.318933,0
26.521612,-27.712948,0
32.9428,39.737293,2
30.71151,53.366615,2
-0.04710264,-63.95599,0
-21.78416,-73.89612,0
-13.523141,0.5865489,0
-47.066692,40.719868,2
16.338367,35.984253,2
32.16848,-14.009452,0
30.41725,-11.985987,0
33.5548,1.7592216,0
-18.207983,52.957466,2
-57.617245,-21.541454,0
9.156913,-25.380634,0
-63.1278,-2.6104774,0
58.189358,19.167309,2
2.4275155,50.851604,2
-62.69684,0.58672196,0
-11.068082,73.80608,2
73.169914,16.145525,0
36.06147,-36.97649,0
0.07828565,-63.646114,0
17.099472,-45.291504,0
34.22118,40.946175,2
44.399864,-14.527277,0
-16.994356,62.804176,2
-49.151966,34.719994,2
2.0435174,37.808716,2
32.69944,54.86201,2
69.83828,17.250433,0
22.457512,51.700996,2
-7.280272,9.214963,0
-21.735708,-73.80673,0
31.031397,16.340845,0
3.1091576,52.811234,2
0.70045394,-66.13605,0
19.157463,-48.87902,0
9.519867,9.33378,0
29.762499,37.144157,2
5.750421,-46.481537,0
43.248165,1.3049333,0
-21.58548,-73.51629,0
-22.963331,-32.85384,0
23.220097,-50.51877,0
-44.40746,-39.803627,0
-60.95809,-17.864567,0
-13.264989,78.147064,2
-45.79303,-37.881927,0
5.436791,-31.802599,0
18.214493,-46.355072,0
0.03760125,9.121447,0
-34.25982,-62.309704,0
5.878985,-47.736935,0
2.6674104,37.406635,2
-40.74419,-46.792206,0
-12.565181,44.678986,2
28.956303,-20.962673,0
-9.348587,-57.56469,0
5.2150517,-50.531483,0
5.042641,-49.109295,0
7.281717,-66.311584,0
20.054398,35.616245,2
-10.282221,1.4800184,0
17.27557,-49.051685,0
-23.914995,-70.54784,0
4.2382617,-49.191628,0
-43.808598,-40.62392,0
58.592567,19.69962,0
20.811705,58.926064,2
-0.49945775,-64.98801,0
-46.30264,39.84023,2
-25.586754,-24.538282,0
-50.831955,8.022387,0
-21.821337,-34.86474,0
32.873505,39.76926,2
34.13404,58.26534,2
8.635879,-35.3129,0
25.669603,-29.655348,0
-3.5859919,20.495586,2
8.397243,35.80618,2
-20.164207,58.88156,2
-32.762367,-61.639545,0
-23.462097,-71.07928,0
-11.894948,-50.04934,0
32.88749,-19.083622,0
13.392453,-5.2625356,0
25.556795,35.63807,2
18.636082,-48.580276,0
28.316204,17.082474,0
33.77893,40.46625,2
-19.288195,-77.47261,0
32.06589,-17.48731,0
-21.54345,62.153114,2
-8.913126,-59.06646,0
-13.470679,27.251925,0
-26.48047,-1.4093409,0
-43.614742,-39.031723,0
-1.9281617,56.69676,2
18.632385,58.311813,2
31.37877,54.091244,2
-43.97364,-40.76103,0
41.665325,-15.77471,0
-12.998249,44.9251,2
-1.0038452,-33.534008,0
25.48895,50.301872,2
-10.127854,-24.535149,0
28.996672,16.931194,0
1.7813337,-43.791164,0
-15.071861,-47.02614,0
8.449996,5.3843174,0
31.803,9.072,0
-9.34752,-46.859768,0
30.055552,-22.45096,0
-18.636845,73.8713,2
34.02251,-40.53079,0
1.793511,-61.63051,0
41.141327,-3.8172643,0
-35.17521,-61.64053,0
44.09404,-17.823633,0
-29.112602,-11.833119,0
-13.808401,26.554043,0
-45.640533,-35.47022,0
-8.596441,-55.219643,0
9.728035,-53.040524,0
57.03208,22.849089,0
-31.77479,11.703755,0
-61.773952,-1.7004635,0
1.5733545,38.81736,2
40.95512,2.3635848,0
-1.7604631,0.47690475,0
5.3151803,2.8495727,0
-8.830875,-9.459639,0
-13.262587,-0.10072963,0
18.907831,-27.788647,0
-45.139248,-35.685493,0
28.075918,36.978268,2
7.657727,-53.999855,0
75.17343,17.275805,1
29.355839,36.746403,2
-3.182694,8.659922,0
-34.105152,10.031172,0
1.3125789,47.49998,2
42.755615,2.1124697,0
-61.79165,-17.3131,0
4.029337,37.484344,2
-28.601189,-17.622623,0
-20.324978,-77.258644,0
-7.093401,80.27142,2
28.955078,-39.009106,0
22.367115,-49.626114,0
-19.790913,-77.38347,0
39.2279,55.163498,2
-22.784618,24.111162,0
-54.310562,-26.442411,0
34.94099,42.920364,2
-17.829205,52.68702,2
39.611393,57.452137,2
0.8821548,47.25822,2
11.047922,-30.575016,0
-24.051199,-23.999289,0
22.828691,48.232353,2
-21.714384,23.858507,0
-20.37408,-31.548367,0
41.137848,-16.33169,0
32.863613,-16.739054,0
-21.446825,60.665443,2
0.14903553,-25.406097,0
-2.3861008,-12.856871,0
-20.641487,60.919094,2
-21.102583,68.91387,2
-0.9496308,-43.145473,0
-20.39421,-76.51565,0
16.299742,36.10116,2
-38.49169,-50.334812,0
-34.41409,-62.448143,0
-51.1775,32.351948,2
7.579173,36.86456,2
-15.58336,47.391815,2
42.63751,-2.29405,0
35.270527,-28.54229,0
-5.7694235,8.733885,0
65.51853,19.038282,0
-6.8274026,43.364258,2
-3.2082992,41.722225,2
-16.089874,76.59129,2
18.018686,50.522213,2
19.648396,-3.870587,0
31.337057,55.378765,2
0.90685195,-27.265734,0
-26.33363,20.885405,0
-47.19412,40.282482,2
-16.880184,53.992043,2
-10.735637,-8.660742,0
-16.167557,48.92441,2
-0.5541812,50.484085,2
-20.615921,25.07294,0
-6.352084,-55.64454,0
4.4185395,-0.09643447,0
-40.367123,-50.381367,0
-15.155627,14.904646,0
13.295242,35.920578,2
-11.373628,78.18926,2
-47.6521,40.194637,2
4.0050664,-49.98801,0
26.96059,36.096615,2
-10.506184,26.705336,2
19.372303,36.133236,2
-36.578827,-59.24453,0
-14.946911,76.9006,2
24.597437,58.477955,2
-1.6970582,-2.37019,0
33.593697,57.919918,2
1.3598813,47.35521,2
43.25478,-20.341692,0
14.342254,-26.600458,0
-40.399727,-45.45433,0
30.223467,9.222204,0
29.705439,16.202301,0
29.158407,13.840492,0
-17.465014,26.538176,0
43.50727,-1.7532208,0
4.44378,-49.82981,0
57.678238,21.78709,0
28.231432,36.05368,2
18.71576,-27.746244,0
38.865204,54.503197,2
0.61752856,-64.26416,0
-2.5165496,-18.748795,0
-8.129478,0.1990736,0
-61.925865,-10.016496,0
-27.158304,-7.2660685,0
35.99196,7.263374,0
-5.7162666,42.461105,2
-8.672733,-19.917261,0
58.135483,19.252665,2
21.292116,54.941715,2
-20.438114,58.69013,2
9.445761,35.992733,2
-28.782715,18.390915,0
-40.33337,-50.337254,0
-1.9436011,1.017787,0
1.4267988,5.8277664,0
35.423668,-36.566486,0
27.577887,16.19007,0
-17.198738,-41.054447,0
-10.715735,26.548714,2
-44.017384,6.4787655,0
-17.346937,75.36543,2
2.9146984,53.026913,2
-19.646025,-77.80971,0
-49.84949,8.283381,0
-3.1392014,50.349792,2
21.774548,53.007893,2
3.1567125,36.967262,2
8.662153,47.44381,2
13.858915,-28.2311,0
3.6739163,-29.822948,0
-55.130028,-25.896553,0
38.134384,52.766148,2
-44.344673,-38.23734,0
12.314777,35.40126,2
23.119764,-31.550043,0
-49.48726,6.2308846,0
-20.504005,69.37272,2
-9.513599,14.308817,0
19.528812,-31.638363,0
